{"type":"FeatureCollection","name":"OCA BBM Barangay Boundaries","features":[{"type":"Feature","properties":{"name":"NORTH DAAANG HARI"},"geometry":{"type":"Polygon","coordinates":[[[121.0457913803489,14.48706752882108],[121.0461227955266,14.48643135285825],[121.0462775266425,14.4859015206025],[121.0463212639426,14.48532401876843],[121.0462666304666,14.48453845890295],[121.0460004719175,14.48296380748593],[121.0459452190098,14.48247898370761],[121.0459387340018,14.48208231140872],[121.0459593665774,14.48166067241396],[121.0466594465743,14.48182648034555],[121.0484378291568,14.48224766448011],[121.0474231461114,14.48432967158324],[121.0482051962586,14.48429401153144],[121.0484524120701,14.48550047710605],[121.0492072013183,14.48535375835222],[121.0494432360304,14.48581095493126],[121.0496065506755,14.48598400082723],[121.0496852869092,14.48639332204919],[121.0495526867997,14.48647144843978],[121.0490655438144,14.48639093031082],[121.0479580339082,14.48636474447036],[121.0469723091774,14.48754640963748],[121.0468412952372,14.48751260729695],[121.0457755465965,14.48714593193672],[121.0457913803489,14.48706752882108]]]}},{"type":"Feature","properties":{"name":"SOUTH DAANG HARI"},"geometry":{"type":"Polygon","coordinates":[[[121.0474687070268,14.47244626419848],[121.0472897263815,14.47217291505024],[121.0467296399999,14.47084382971653],[121.0466445666204,14.47078148156217],[121.0462057308162,14.47034987575136],[121.0458120254893,14.46957386462397],[121.0456351264539,14.46889282033964],[121.045564761054,14.46823449590659],[121.0465518717596,14.46783522570577],[121.046677336665,14.4680640809793],[121.0475847046513,14.46789712628315],[121.047676350194,14.46834628010193],[121.0478585002994,14.46831051116952],[121.0479848419519,14.46826582964324],[121.0481998688609,14.46816117089385],[121.0483286333413,14.46816353918249],[121.0484816888901,14.46819884506323],[121.0487817308911,14.46824005002999],[121.0491564825584,14.46806191410942],[121.0493793728418,14.46793144979055],[121.0496294944169,14.46762282155071],[121.0497627249498,14.46766549801391],[121.0499362118626,14.46763191798199],[121.0500724433928,14.46748136937289],[121.0504567031162,14.46720765712363],[121.0505852148713,14.46715043049619],[121.0507117664516,14.46715899288203],[121.0508296191299,14.46720399239535],[121.0509440685349,14.46728739701248],[121.0512092154366,14.46762977708613],[121.0513451995625,14.46768136168385],[121.0516420349659,14.46783411865432],[121.0513930512317,14.4684922680979],[121.0512880034486,14.46877448930019],[121.0510699703549,14.46938442974918],[121.0509689026291,14.46972964704701],[121.0508753473129,14.4701934210855],[121.0508642666957,14.47101299372186],[121.0506786090045,14.47105513124661],[121.0503538784301,14.47105920795166],[121.0498578551993,14.47100011301364],[121.0496757516199,14.47152906450097],[121.0496705373802,14.47170242717782],[121.04982378494,14.47208519571273],[121.0490389447181,14.47232133823083],[121.047650700455,14.47256633260134],[121.0474687070268,14.47244626419848]]]}},{"type":"Feature","properties":{"name":"PINAGSAMA"},"geometry":{"type":"Polygon","coordinates":[[[121.0557442692842,14.51896787518886],[121.0556527099369,14.51983815046571],[121.0555360206737,14.52042662351052],[121.0554581548695,14.52184811161239],[121.0554016847211,14.52252098260027],[121.0554366606826,14.52252028969754],[121.0578316004304,14.52247283154357],[121.0591051679177,14.52244762217642],[121.0591549623521,14.52483455331916],[121.0591556713128,14.52486853744175],[121.0600172626718,14.52483061298534],[121.0602707359807,14.52482120774827],[121.0603765650606,14.52457446848177],[121.0606231021426,14.52466734544289],[121.0605901189117,14.52474439954523],[121.0598352572287,14.52665217368601],[121.0558742620499,14.52674059611651],[121.0572179841362,14.53018687011756],[121.0576608773472,14.53183397866728],[121.0576779075264,14.53226554674383],[121.0574915000333,14.53670835078449],[121.0574056613343,14.53834517998575],[121.0573996587597,14.53845964017768],[121.0572519439877,14.53907611466214],[121.057189472608,14.53920159529642],[121.0569543202655,14.53965408546931],[121.0566129214186,14.54009045770686],[121.0561291911385,14.5404508425497],[121.055430416985,14.54087304990414],[121.0544529254756,14.54149337965111],[121.0539819271331,14.54193835376511],[121.0537099551817,14.54226092996614],[121.0535409565411,14.5425639115255],[121.0534163970944,14.54304744045116],[121.0532871080527,14.54246266550301],[121.0536450943511,14.54007781552719],[121.0537390930351,14.53985082948175],[121.0538250923894,14.53974083602465],[121.053106601531,14.5395749356429],[121.0532793625061,14.53876948303265],[121.0515393599695,14.53805853710108],[121.0515291536688,14.53564855063194],[121.0466533785171,14.53568051888394],[121.0464481090284,14.53574495853116],[121.0468093943487,14.53500514218518],[121.0468439623661,14.53450308707649],[121.0468590885132,14.53407952925279],[121.0468424257253,14.53330974157028],[121.0467587599187,14.53233626376399],[121.0466565231944,14.53172584058519],[121.046517202981,14.53119191643166],[121.0462894784634,14.53057014784192],[121.0474509229323,14.52972261143623],[121.0473189596088,14.5291864851067],[121.047427316022,14.52922478249935],[121.047539037135,14.52923454033757],[121.0476371517766,14.52921313422573],[121.0477283110336,14.52917151305694],[121.0478945164826,14.52897412786131],[121.048161946394,14.52850888183596],[121.0486748060141,14.52741293084152],[121.0478106346108,14.52709134723806],[121.046150447703,14.52638820858424],[121.0451934963237,14.52590847870498],[121.0449739332628,14.52545312280411],[121.0444712505165,14.52492727241512],[121.0458261658639,14.52459572374932],[121.04602070834,14.52449481744221],[121.0463511229963,14.52414044825933],[121.0464786177757,14.52375800957713],[121.0469036400786,14.52027967932566],[121.0472741182445,14.51966109099198],[121.0475624878963,14.51940556306908],[121.0481609238367,14.51918327774002],[121.0488056626046,14.51916267256489],[121.0496419994864,14.51926390761667],[121.0499643960027,14.51920888585652],[121.0502506775155,14.51904920702693],[121.0503838751751,14.51890067797675],[121.0505157542016,14.51866601343091],[121.0506079509432,14.51842368726094],[121.050520598574,14.51838552452841],[121.0499072032865,14.51811754149388],[121.0493130666518,14.51779083951573],[121.0489535691443,14.51746345448797],[121.0484884733188,14.51705673381099],[121.0479665170493,14.51670127141527],[121.0471815659397,14.51648749223036],[121.0467032726148,14.51638834656036],[121.0453894526253,14.51627509144755],[121.0454659689444,14.51596713914837],[121.0456600955531,14.51518618569471],[121.045668381104,14.51515285356141],[121.0417446104035,14.51424248584432],[121.0429602390982,14.51199428391682],[121.0429405305673,14.51198313180255],[121.0429973648544,14.51187807122295],[121.0510259034828,14.51599955927428],[121.0515102375857,14.51629087170154],[121.0558827490154,14.51892072606841],[121.0557442692842,14.51896787518886]]]}},{"type":"Feature","properties":{"name":"NORTH SIGNAL"},"geometry":{"type":"Polygon","coordinates":[[[121.0529853455232,14.51441497279888],[121.0536401311108,14.51543324840796],[121.053868203834,14.51532475182704],[121.0538883222351,14.51535097373868],[121.0541681367444,14.51521372548903],[121.0540870594169,14.51505219250173],[121.055008963833,14.51489551489804],[121.0549372113142,14.5146839389153],[121.0549523490858,14.5143997992878],[121.0548040868261,14.51425333136736],[121.0547768598592,14.51406292760489],[121.0546497787786,14.5139047427938],[121.0546528120001,14.51364696597519],[121.0545447893028,14.51349846753744],[121.0543550238973,14.51350991291601],[121.0543041132134,14.51343131640223],[121.0543336792641,14.51329102502923],[121.0540564357892,14.51316222080287],[121.0538227527774,14.51311008891442],[121.0541603944378,14.51295109844103],[121.0553447444818,14.51271638466618],[121.0557663006492,14.51266723359113],[121.057065362488,14.51260056152198],[121.0577649042227,14.51251559590044],[121.0579511982368,14.51250257541096],[121.058164256264,14.5124957158936],[121.0592313803361,14.51251246776341],[121.0597298814131,14.51248133880172],[121.0599865091108,14.51243286317082],[121.0602348671458,14.51234179498942],[121.0610046049986,14.51194881641801],[121.0611623677401,14.51183420488051],[121.0613029570567,14.51165431834884],[121.0615557861893,14.51133081802915],[121.0616486051779,14.51138482508902],[121.0617072762601,14.51139905867569],[121.0617738623933,14.51165777744206],[121.0621070385903,14.51259492976312],[121.0614786100673,14.51325295631289],[121.0614706544479,14.51336330814896],[121.0614444460469,14.51336092123785],[121.0614080942452,14.51334437216774],[121.0613774257983,14.51331413708774],[121.0607716863397,14.51394313417151],[121.0602643493981,14.51447030388164],[121.059997449101,14.51454078710098],[121.0605449566333,14.51934043893484],[121.0605551830463,14.51933925940808],[121.0605548107218,14.51936893247944],[121.0603702651422,14.51937719592756],[121.0598345315844,14.51942463099548],[121.0596536547985,14.51941347852106],[121.0591878037385,14.51939544747768],[121.0588541203101,14.51942411980783],[121.058655212154,14.51946690305353],[121.0582404243728,14.51950996578943],[121.0579203205962,14.51952715468714],[121.0575576215631,14.51954405533762],[121.0574754030932,14.51954450441359],[121.057408902455,14.51953868101523],[121.0573417837155,14.5198322141766],[121.057296538471,14.52004690631675],[121.0572211187782,14.52037558724926],[121.0571861510877,14.52053145521991],[121.0571685375897,14.52065480778759],[121.0571831938212,14.52078197222981],[121.0572278438494,14.52090628170608],[121.0572928129006,14.52105284682328],[121.0573696042728,14.52118014942626],[121.057403703667,14.52124735808346],[121.0574925937476,14.52134568989328],[121.0575397688197,14.52140294544246],[121.0576355046418,14.52149389313827],[121.0577524504138,14.52155005592182],[121.0578433476855,14.52158665706737],[121.057836305662,14.52180098561812],[121.057829929858,14.52190126791059],[121.057826537475,14.52240146606588],[121.0578310087181,14.52240146496341],[121.0578316032959,14.52247283178642],[121.0554366647496,14.5225202899166],[121.0554016875866,14.52252098284316],[121.055458157735,14.52184811185523],[121.0555360235391,14.5204266237534],[121.0556527128024,14.51983815070859],[121.0557442721496,14.51896787543179],[121.0558827490003,14.51892072624811],[121.0515102375857,14.51629087170154],[121.0517427484821,14.5158211886803],[121.0519684134626,14.51536192116197],[121.0521854842714,14.51491941734502],[121.0523553598593,14.51464144038265],[121.052478021194,14.51452362485556],[121.052636767355,14.5144218262138],[121.0526948982847,14.51448563314498],[121.0529700880701,14.51439124798873],[121.0529853455232,14.51441497279888]]]}},{"type":"Feature","properties":{"name":"CENTRAL SIGNAL"},"geometry":{"type":"Polygon","coordinates":[[[121.0521854842714,14.51491941734502],[121.0519684134626,14.51536192116197],[121.0515102375857,14.51629087170154],[121.0510259034828,14.51599955927428],[121.0523304697343,14.51341742629396],[121.050503234237,14.51248336925009],[121.049032053819,14.51174136955796],[121.0516532637017,14.50705691389047],[121.051748491559,14.5070898470944],[121.0519305616072,14.50715206606929],[121.0521594922151,14.50721983630975],[121.0522370905095,14.50722581009817],[121.0524582971953,14.50723768203493],[121.0525970646077,14.5072463410858],[121.0528072547936,14.50725945674193],[121.0528124534476,14.50725978113028],[121.0529267050931,14.50726892432177],[121.0529261216758,14.50724879502226],[121.0529462217114,14.5068617140832],[121.0529704795745,14.5063945611027],[121.0530001129268,14.50582388545272],[121.0536891127236,14.50584987979804],[121.0536809376703,14.50694828894767],[121.053675239413,14.5073145922616],[121.0538361215888,14.50731278566225],[121.0539021216824,14.50733378394032],[121.0539701220073,14.50739277978397],[121.054017122441,14.50746777472931],[121.0540811230432,14.50757176772692],[121.0541184296413,14.50765411728097],[121.054174254812,14.50779562671103],[121.0548381844389,14.50758344817912],[121.0550281864037,14.50791342602737],[121.0552723110103,14.50838407225732],[121.0554915854456,14.50883494042604],[121.0557586284031,14.50874628252234],[121.0559661907788,14.50867737183323],[121.0563541898433,14.508547377856],[121.0568251886327,14.50837738594462],[121.0572202866937,14.50829658727786],[121.0572210574307,14.50829645383216],[121.0575614430414,14.50827093878333],[121.0575860797139,14.50826959018482],[121.0577400978207,14.50825754675584],[121.0579067175392,14.50824523040031],[121.0579664990475,14.50824081138447],[121.0580399051591,14.50823538522443],[121.058107595714,14.50823038153633],[121.0584321870188,14.50820638746164],[121.0586851866779,14.50816538859814],[121.0593501857743,14.50805639166422],[121.0596434365926,14.50800610195626],[121.0598185634934,14.50797537313765],[121.0601261869515,14.50792141825989],[121.0602131899649,14.50878634007498],[121.0602911931319,14.50930530652575],[121.0604191986575,14.51021024807237],[121.0604802017939,14.51072321500602],[121.0605034772295,14.51087946111443],[121.0605816970256,14.51140454259089],[121.0609361400304,14.51133960645314],[121.061180860451,14.51134386511276],[121.0612823949946,14.51134943757086],[121.0614574608399,14.51135368374447],[121.0615557861893,14.51133081802915],[121.0612703446241,14.51169604657008],[121.0611623677401,14.51183420488051],[121.0610154050944,14.51194154721817],[121.0607696468328,14.51207066621043],[121.0602348671458,14.51234179498942],[121.0599865091108,14.51243286317082],[121.0597298814131,14.51248133880172],[121.0592313803361,14.51251246776341],[121.058164256264,14.5124957158936],[121.0579511982367,14.51250257541096],[121.0577649042227,14.51251559590044],[121.057065362488,14.51260056152198],[121.0557663006492,14.51266723359113],[121.0553447444818,14.51271638466618],[121.0541603944378,14.51295109844103],[121.0538227527774,14.51311008891442],[121.0540564357892,14.51316222080287],[121.0543336792641,14.51329102502923],[121.0543041132134,14.51343131640223],[121.0543550238973,14.51350991291601],[121.0545447893028,14.5134984675374],[121.0546528120001,14.51364696597519],[121.0546497787786,14.5139047427938],[121.0547768598592,14.51406292760489],[121.0548040868261,14.51425333136736],[121.0549523490858,14.5143997992878],[121.0549372113142,14.5146839389153],[121.055008963833,14.51489551489804],[121.0540870594169,14.51505219250173],[121.0541681367444,14.51521372548903],[121.0538883222351,14.51535097373868],[121.053868203834,14.51532475182704],[121.0536401311108,14.51543324840796],[121.0529700895664,14.51439124820907],[121.0526948982847,14.51448563314498],[121.0526367673551,14.5144218262138],[121.052478021194,14.51452362485556],[121.0523553598593,14.51464144038265],[121.0521854842714,14.51491941734502]]]}},{"type":"Feature","properties":{"name":"BAGUMBAYAN"},"geometry":{"type":"Polygon","coordinates":[[[121.0498594651869,14.48634832663247],[121.049820086593,14.48634015500214],[121.0496852869093,14.48639332204923],[121.0496065506755,14.48598400082723],[121.0494432360304,14.4858109549313],[121.0492072013183,14.48535375835222],[121.0484524120701,14.48550047710605],[121.0482051962586,14.48429401153144],[121.0474231461114,14.48432967158328],[121.0484333341604,14.48224345200215],[121.0505812123124,14.47764025910933],[121.0506797643377,14.47733570131786],[121.0507157970883,14.47722434818806],[121.0507898959471,14.47697976370024],[121.0508444109483,14.47679351523639],[121.0508967242485,14.4766147884969],[121.0509649633231,14.47617670326461],[121.0510124882119,14.47552495352028],[121.0510013452974,14.47469852884378],[121.0509649841577,14.47377261621234],[121.050954582936,14.47288359246964],[121.0508642666957,14.47101299372186],[121.0508753473129,14.47019342108554],[121.0509689026291,14.46972964704705],[121.051069970355,14.46938442974922],[121.0512880034486,14.46877448930019],[121.0516420349659,14.46783411865432],[121.0518632874912,14.46796951450329],[121.0518756936436,14.46794129007258],[121.0519584271848,14.46786467007295],[121.0520452944778,14.46777192244598],[121.0521239025614,14.46774771502247],[121.0522314716885,14.46771543780493],[121.0523224895887,14.46767913254757],[121.0525541115576,14.46733235722855],[121.0526740987918,14.46732426706141],[121.0529382096131,14.46731076889631],[121.0530595702624,14.46727848819739],[121.0531919541185,14.46720320045312],[121.0534126133825,14.46716014598488],[121.0536222571478,14.4671923516802],[121.0538594950337,14.4672675553662],[121.0539201921467,14.46732129708107],[121.0539698752789,14.46745567472544],[121.054245750362,14.46761150257343],[121.0545491492239,14.46752004790347],[121.0547035812713,14.4673694963425],[121.054791806972,14.46719745785692],[121.0548965880219,14.46704691772072],[121.0550455107231,14.46692862058491],[121.0552330570108,14.46683719210033],[121.055630232083,14.46671883620157],[121.0556798960151,14.4667725800718],[121.0559502493227,14.46690690499035],[121.0561433403108,14.46692836125212],[121.0565184223097,14.46670787345925],[121.0569928264736,14.46657337001959],[121.0571142342171,14.46672923186874],[121.0571970360252,14.46692810752832],[121.0572798186896,14.46705172530313],[121.0574783893276,14.46692803898207],[121.0576438926562,14.46693337406456],[121.0578369921727,14.46698708230106],[121.0579032194329,14.46708920167818],[121.0578922221725,14.46722896897223],[121.057743311899,14.4673902723871],[121.0576219726683,14.46750318890855],[121.0574509839616,14.46762149305355],[121.0574896468429,14.46779887712107],[121.0573407179659,14.46789029798986],[121.057511843917,14.46830417440584],[121.057594589855,14.46828265192648],[121.057732492308,14.46821811140795],[121.0578704197424,14.46825033089375],[121.0579862996883,14.46835781358014],[121.0581077104952,14.4685190504472],[121.058223572484,14.46855665073237],[121.0583449386503,14.46854586955182],[121.058565596819,14.46849743469553],[121.058819344183,14.46840598688057],[121.0591172339962,14.46834678106976],[121.0592275864211,14.46841126004696],[121.059321412864,14.46856712766457],[121.0593711338029,14.46883051757893],[121.0592553199541,14.46897568689561],[121.0589188175279,14.46905640479262],[121.0585988708539,14.46915862032706],[121.0583120386493,14.46931458282402],[121.0583175835028,14.46942209265114],[121.0582845150001,14.4695457387246],[121.0582128400733,14.46971239882568],[121.0585714222123,14.46967468092272],[121.0585935190153,14.46978756217878],[121.0582846089612,14.46990590121483],[121.0583508190435,14.4699381381641],[121.0584170403898,14.47001337956992],[121.0585108444196,14.47008323853957],[121.0585329454586,14.47021224647539],[121.058406075638,14.47027678471726],[121.058406100935,14.47037354478418],[121.0584392440193,14.47053480334172],[121.0585220230807,14.47063691839793],[121.0587427030632,14.47066374120391],[121.0588034051017,14.47072823275429],[121.0588475850166,14.47090023960837],[121.0588641652506,14.47101312220616],[121.0590351955702,14.47104533271094],[121.0591566029061,14.47118506675668],[121.0592725078175,14.47137855771461],[121.0593387299022,14.47145379884918],[121.0594380402273,14.4714806515767],[121.0595649333641,14.4715021217218],[121.0597359871577,14.47162034065128],[121.059884969409,14.47172243839686],[121.0599015545543,14.47185144758679],[121.0596974424955,14.47189450393636],[121.059256115578,14.47197524888553],[121.0593002761123,14.47207199781695],[121.0594216541435,14.47209884498584],[121.0594492670517,14.47220634918411],[121.0594713702784,14.47234073256405],[121.0594879580956,14.47248049289356],[121.05977484244,14.47250729797092],[121.0598134993889,14.47265242822489],[121.0604810002051,14.4725017419354],[121.0607956490058,14.47318973229485],[121.0604205429477,14.4733457201181],[121.0605309098763,14.47345320290721],[121.0604923120135,14.47352847064753],[121.0601833978099,14.47364681215509],[121.0602330745284,14.473738183926],[121.0604703841577,14.47404452984095],[121.0604980065512,14.47418428723953],[121.0611599857328,14.47400134710177],[121.0614249687069,14.47462484273613],[121.0605202693905,14.47490460622143],[121.0605037389951,14.47497986827674],[121.0605423779068,14.4750551161374],[121.0605975763973,14.47516261306932],[121.060928583664,14.47513027422044],[121.0610887217864,14.47566778839533],[121.0609783945914,14.47571082147854],[121.0609453090413,14.47576996117976],[121.0610942666756,14.47576992253711],[121.0611991004997,14.47581289973971],[121.0613536149887,14.4759579995217],[121.0615963431723,14.47589342940089],[121.0616681244176,14.47611380841952],[121.061403340003,14.47622138882654],[121.0614971431359,14.47627511988642],[121.0615909730019,14.47642561092018],[121.0615965166582,14.47652236948658],[121.0615027489309,14.47659765181551],[121.0615414269803,14.47681266395672],[121.061938619366,14.47670504856592],[121.061960712613,14.47679642720558],[121.0615617334614,14.47708630598372],[121.0614128248487,14.47726776993642],[121.061335262162,14.47734036018515],[121.0612576911293,14.47738271290684],[121.0612106044602,14.47752769926996],[121.0612988851999,14.47755992961391],[121.0614919696131,14.47752225031731],[121.0614975058528,14.47759213109863],[121.0613430492087,14.47766205366429],[121.0613320299822,14.47771581209839],[121.0612823829065,14.47773732726416],[121.0612989530859,14.47780720517382],[121.0617347663364,14.47769958005996],[121.06173481687,14.4778823489489],[121.0617293221611,14.47796298372948],[121.0616520989548,14.47801675954448],[121.0616465997602,14.47808126765593],[121.0616466324127,14.47819952987495],[121.061679759714,14.47829090563678],[121.0617625565249,14.47844139946626],[121.0619666786325,14.47841446799249],[121.0619942965431,14.47853272293729],[121.0623032510265,14.47853801684656],[121.0623529867552,14.47883365921678],[121.0622206051214,14.47893045427647],[121.0622042487463,14.47962928078305],[121.0619284054598,14.47966160691798],[121.0619615539833,14.47982824039228],[121.0619355232878,14.47990768600665],[121.0620091038835,14.47997934068124],[121.0619356008387,14.48018721484125],[121.0619576969216,14.48028755271022],[121.0619871351778,14.48033771679654],[121.0620313254488,14.48053122511332],[121.0619577884272,14.48061725337543],[121.0619872366785,14.48070325448826],[121.0619725543351,14.48081076944984],[121.0619946504976,14.48091110730985],[121.0620167466801,14.48101144516676],[121.0620314847824,14.48110461755608],[121.0620241625296,14.48122646538711],[121.062083021394,14.48126228688288],[121.0620977635288,14.48136979407627],[121.0620830951502,14.48152748087448],[121.0621272657954,14.48164931510259],[121.0620871839017,14.48182552579091],[121.0623888153592,14.48193295702946],[121.0623520747248,14.4820763148816],[121.0623174618021,14.48223221373895],[121.0624940494236,14.48237551497103],[121.0626510208592,14.48251882129579],[121.0627393564985,14.48273859815687],[121.0628767442087,14.48299658802481],[121.0627787506407,14.48331198001198],[121.0628474406202,14.48342664013062],[121.0628572946207,14.48358909866117],[121.0634065812345,14.4836749600102],[121.0634361418202,14.48415277897028],[121.0634950648979,14.48441078959962],[121.0635931968068,14.48458278076209],[121.0624930810078,14.48475509346999],[121.0622361542817,14.48523059939571],[121.0620301455773,14.48510880798783],[121.0616622939601,14.48496555669448],[121.0612871003608,14.4848724785622],[121.060956083603,14.48492273645333],[121.0607574965019,14.48503746632205],[121.0606094731386,14.4851145541222],[121.0604297637563,14.48513621790513],[121.060277211174,14.48515460785241],[121.0600467294132,14.48514695185617],[121.0598811793572,14.48501798081796],[121.0596990808436,14.48489976496985],[121.0595004424715,14.48482455758945],[121.0592411167732,14.48475474089435],[121.0589652397262,14.48468492806431],[121.0587509547194,14.48455238473847],[121.0585449579332,14.4844664272786],[121.0582968994939,14.48440556598656],[121.0580693175644,14.4844096539769],[121.0579369025069,14.48439759165272],[121.0578375716322,14.48431295114712],[121.0577878785589,14.48416379176184],[121.0577262985755,14.48405092026892],[121.0575152611856,14.48402678200302],[121.0573972978064,14.48389376588342],[121.0571909919466,14.48382671029478],[121.057024863618,14.48379004113731],[121.0568806675782,14.48375772670122],[121.0566614589132,14.48372530738551],[121.056539269203,14.48375084968479],[121.0564380480301,14.48385802810896],[121.056342043993,14.48388696573554],[121.0562242149296,14.48389908894018],[121.0561093831473,14.48387492638322],[121.055986139442,14.48384229181038],[121.0558743939519,14.48374959009343],[121.0557378103273,14.48361254589345],[121.0555764017466,14.48348357081259],[121.0554687944598,14.48339086792067],[121.0551667301409,14.48338690732841],[121.055063298719,14.48344740655772],[121.0550343466591,14.48349982498756],[121.0550591946801,14.48358448414352],[121.0548895970635,14.4838062653972],[121.0545171846066,14.483786193725],[121.0544675174823,14.48373379358721],[121.0542067666864,14.48346373226794],[121.0539419517509,14.48349604650047],[121.053801219949,14.48331062213301],[121.0533047383272,14.48356473015404],[121.05305532921,14.48361406248266],[121.0529187079022,14.48364042212529],[121.0528328228643,14.48372115169324],[121.0527193348773,14.48384074791197],[121.0525956127672,14.48402729981437],[121.0521971163378,14.48438818222665],[121.0520529760865,14.48462073776204],[121.0519420136173,14.48475127788227],[121.0519337649326,14.48481001394936],[121.0518045947188,14.48493644565434],[121.0517706058077,14.48504721909592],[121.0516135606532,14.48522755377671],[121.0515679940262,14.48534468492853],[121.051502911669,14.48546770235002],[121.0513337552987,14.48565220764854],[121.0513142282133,14.4857170219543],[121.0512500730473,14.48576158026366],[121.0510171558713,14.48607889665163],[121.0507934272227,14.48606376759134],[121.0502706066904,14.48602841239186],[121.0501888165158,14.48609301150887],[121.0498594651869,14.48634832663247]]]}},{"type":"Feature","properties":{"name":"BAGONG TANYAG"},"geometry":{"type":"Polygon","coordinates":[[[121.0467995548427,14.47979145838069],[121.0468658240109,14.47964432568206],[121.0468444784581,14.47963816222184],[121.0470226302671,14.47905241843137],[121.0471339319689,14.4787692569531],[121.0473902380534,14.47794466991285],[121.047555588736,14.47752139566468],[121.0477653541672,14.47703362389515],[121.0481375225984,14.4757175209243],[121.0481475869129,14.47494508566239],[121.048073383388,14.47443281973755],[121.0480801691971,14.47396581609739],[121.0476501502392,14.47256624712803],[121.0490383945024,14.4723212527608],[121.0498232347246,14.47208511024458],[121.0496699871658,14.47170234170927],[121.0496752014059,14.47152897903242],[121.0498573049866,14.47100002754553],[121.0503533282169,14.47105912248471],[121.0506780587913,14.47105504578037],[121.050861532716,14.47101524152868],[121.050954582936,14.47288359246964],[121.0509649841577,14.4737726162123],[121.0510013452974,14.47469852884375],[121.0510124882119,14.47552495352024],[121.050964963323,14.47617670326457],[121.0508967242485,14.4766147884969],[121.050742078818,14.47714312886756],[121.0505812123123,14.47764025910929],[121.048435095052,14.48224991226583],[121.04665671242,14.48182872810201],[121.045956632418,14.48166292016227],[121.0467995548427,14.47979145838069]]]}},{"type":"Feature","properties":{"name":"HAGONOY"},"geometry":{"type":"Polygon","coordinates":[[[121.0693008910798,14.5066902602019],[121.0813637780342,14.50511587421253],[121.0815791523634,14.50508329879149],[121.0817955151671,14.50505768458065],[121.0820126294664,14.50503905963487],[121.0822302574594,14.50502744435373],[121.0824481607817,14.50502285145911],[121.0826661007675,14.50502528598121],[121.0828838387106,14.5050347452537],[121.0831011361265,14.50505121891585],[121.0833177550126,14.50507468892399],[121.0835334581096,14.50510512957183],[121.083748009161,14.50514250751805],[121.0839611731716,14.50518678182291],[121.0841727166653,14.50523790399333],[121.08438240794,14.50529581803565],[121.0845900173226,14.5053604605171],[121.0847953174188,14.50543176063555],[121.0849980833639,14.50550964029647],[121.0851980930674,14.50559401419893],[121.0853888031394,14.50569407344942],[121.0855760418633,14.5058001731568],[121.0857596077357,14.5059121991406],[121.0859393032047,14.5060300308428],[121.0861149348827,14.50615354145718],[121.0862863137546,14.50628259806578],[121.0864532553808,14.50641706178242],[121.0866155800961,14.50655678790117],[121.086773113203,14.50670162605297],[121.0869256851595,14.50685142036692],[121.0870731317617,14.5070060096383],[121.0872152943202,14.50716522750152],[121.0873520198318,14.50732890260994],[121.0874831611428,14.50749685881916],[121.0876085771088,14.50766891537772],[121.0877281327455,14.5078448871207],[121.0878416993749,14.50802458466914],[121.0879491547629,14.50820781463458],[121.088050383252,14.50839437982572],[121.0881452758846,14.50858407946216],[121.0882337305213,14.50877670938933],[121.0883156519504,14.50897206229861],[121.0883909519905,14.50916992795032],[121.0884595495856,14.50937009340009],[121.088580261735,14.50960772947427],[121.0873236551872,14.51030790277345],[121.0871965319083,14.51040513973505],[121.0871568654301,14.51022360965121],[121.087110077384,14.51004369629364],[121.087056236719,14.50986566472459],[121.0869954227739,14.50968977723322],[121.0869277251603,14.50951629294928],[121.0868532436308,14.50934546746145],[121.0867720879316,14.50917755244048],[121.0866843776411,14.50901279526901],[121.0865902419933,14.50885143867673],[121.0864898196874,14.5086937203827],[121.0863888965001,14.50854801235925],[121.0862707159858,14.50839012242101],[121.0861523574079,14.50824469002784],[121.0860283573314,14.5081037898233],[121.0858988984491,14.50796762938693],[121.0857641714938,14.50783640931532],[121.0856243749588,14.50771032292643],[121.0854797148046,14.50758955597459],[121.0853304041565,14.50747428637725],[121.0851766629896,14.50736468395271],[121.084968145243,14.50723066399314],[121.084856801297,14.50716311791101],[121.0846911520086,14.50707145124536],[121.0845220139817,14.50698604521815],[121.0843496363968,14.50690702565101],[121.0841742732062,14.50683450895697],[121.0839961827598,14.50676860196858],[121.0838156274245,14.50670940178099],[121.0836328731982,14.50665699560862],[121.0834481893172,14.5066114606569],[121.0832618478604,14.50657286400846],[121.083074123348,14.50654126252427],[121.0828852923373,14.50651670276001],[121.0826956330155,14.50649922089729],[121.0823149478763,14.50648558342957],[121.0818963327958,14.50650405285057],[121.0816677662587,14.50652877139574],[121.0811311467771,14.50662780460217],[121.0808150255426,14.50671416902982],[121.0805837886804,14.50678601201714],[121.0789624330063,14.50728974335866],[121.0782587907287,14.50750835046316],[121.0789083282515,14.5090937817865],[121.0808035389202,14.51371958765146],[121.0807952558207,14.51372645777737],[121.0807986625059,14.51373466211574],[121.0795616690493,14.51474960498261],[121.0786426743953,14.51557855776019],[121.0779935540585,14.5160304575921],[121.0771816797102,14.51640451405974],[121.0773127706074,14.51674863185752],[121.0768608716884,14.51699252717722],[121.0765175223971,14.51717783600782],[121.0764789455532,14.51718994429483],[121.0745525369213,14.51520378587322],[121.0737498539691,14.51427928606827],[121.0731859394863,14.51361018990724],[121.073052152711,14.51369600245378],[121.0729125869002,14.5137740984943],[121.0717238800281,14.51461318314642],[121.0719502414367,14.51493238871819],[121.0716022834265,14.51518650855944],[121.0716115004839,14.51519969371565],[121.0709004213681,14.51567971220349],[121.0708530549861,14.515691639199],[121.0703258507783,14.51479780363204],[121.0701829819326,14.51480431424433],[121.0700177730427,14.5145345675523],[121.0647572509427,14.51617769926763],[121.0647170358119,14.51619026180976],[121.0647415859661,14.51623303707369],[121.0647298369117,14.51630697235471],[121.0646828356464,14.51637237818746],[121.0643773208541,14.5164662252541],[121.0642128118827,14.51648613301474],[121.0638632308117,14.51649467053727],[121.0637192859612,14.51650889065711],[121.0635812171484,14.51653732986797],[121.063501900689,14.51659136043311],[121.0634519614122,14.51668520245051],[121.0634108351805,14.51674492064522],[121.063357957878,14.51679895120541],[121.0632345761556,14.51684445232384],[121.0630876932913,14.51687573435469],[121.0629026351996,14.51690381159774],[121.0626935199804,14.51700593811686],[121.0626445387009,14.51705882574921],[121.0626407716914,14.5171226536742],[121.0626596128398,14.51730137225873],[121.0626742331002,14.51733832438029],[121.0626690292054,14.51737281814482],[121.0624761509128,14.51738331049712],[121.0616521090591,14.51746070770888],[121.0614418232386,14.5154350886651],[121.0630407674529,14.51413418942825],[121.0623729768488,14.51397576983229],[121.0617993242225,14.51385609208438],[121.0618342703514,14.5134647380691],[121.0614726182328,14.51336330763449],[121.0614805738511,14.51325295579842],[121.0621090023683,14.51259492924338],[121.061775826163,14.51165777692515],[121.0617149180559,14.51142112002112],[121.0619021322593,14.51146728205523],[121.0633258048392,14.51135081291114],[121.063985564778,14.51121066459167],[121.064432355384,14.51097417451219],[121.0646114564088,14.51083325243898],[121.0645433769691,14.51077073845947],[121.0644997156601,14.51066835001658],[121.0644639753278,14.51040052613619],[121.0645757050799,14.51016862164026],[121.0648121011856,14.50981723624672],[121.065008587185,14.50937461843524],[121.0650760384687,14.50908582985207],[121.0652710885783,14.50891777950515],[121.0656767609769,14.50877948517153],[121.0660587332206,14.50861459854586],[121.0662413073117,14.50857921973062],[121.0663063766909,14.50854429793432],[121.066452937516,14.50839846418848],[121.0670641560664,14.50804362160121],[121.0674915065472,14.5077923254759],[121.068837997248,14.50706119257017],[121.0692720589139,14.50681737101494],[121.0692354183892,14.50672401142636],[121.0693008910798,14.5066902602019]]]}},{"type":"Feature","properties":{"name":"MAHARLIKA"},"geometry":{"type":"Polygon","coordinates":[[[121.0567203717804,14.50106761566282],[121.0566936054545,14.50116005000752],[121.0566696598172,14.50124274336944],[121.0565698860542,14.50133589950325],[121.0564539834686,14.50130667737789],[121.0562665175715,14.5012594121002],[121.0561127123199,14.50121947224425],[121.0558768884299,14.50115768951776],[121.0557509426601,14.50112469328785],[121.0557087881258,14.50111364930532],[121.0555742615389,14.50107840489445],[121.0553871578436,14.50102938574192],[121.0552689870091,14.50099842616821],[121.0551464390835,14.50096631976855],[121.0550101857133,14.50093062258566],[121.0548722616827,14.50089448761205],[121.0547455101403,14.50086127965754],[121.054549249538,14.50080986069517],[121.0544528473838,14.50078460390807],[121.0542353734813,14.50072445790805],[121.0539726576871,14.50065879640682],[121.0532136568795,14.50046081347836],[121.0526236561831,14.50029582745572],[121.0517004126358,14.50003978173318],[121.0524584297547,14.49747345605833],[121.0528469600424,14.4958567692218],[121.052936695296,14.49548337455937],[121.053182341046,14.49446121884175],[121.0548404117776,14.49482061081197],[121.0560714121449,14.4949605944144],[121.056212407994,14.49432063437964],[121.0569284083196,14.49441962372152],[121.0574611919821,14.49454411070156],[121.0577940293833,14.4945621884497],[121.0581365645091,14.4945807924251],[121.0583672087379,14.49459331903101],[121.058574410495,14.49487058496978],[121.058685412256,14.49515356624591],[121.0588304121362,14.49514456594029],[121.0588854135442,14.49536855131938],[121.0589464150008,14.49560053615176],[121.0589784165403,14.49584352045868],[121.0590094180866,14.49608750470788],[121.0590644198975,14.49637448606904],[121.0590724214346,14.49661547064933],[121.0590974233351,14.4969144514273],[121.0591136853266,14.49734680249581],[121.059125248777,14.49765423424679],[121.0591152744497,14.49803599784408],[121.0591402765583,14.49837397613835],[121.0591306432976,14.49878388577283],[121.0591700753422,14.49913077968215],[121.0591451668201,14.49939417725122],[121.0593764482003,14.50082220049188],[121.0593460040624,14.50102689688423],[121.0588451554805,14.50085489069043],[121.058536655636,14.50073076508555],[121.0581910440606,14.50040605235581],[121.0579022479868,14.5000310996857],[121.057829570204,14.49995109742308],[121.0577810098981,14.49989764315591],[121.0577246014913,14.49983554980225],[121.057680619306,14.49978713497478],[121.0576375636536,14.49973974003009],[121.0576255001326,14.49972646070218],[121.0575535919797,14.49970949571612],[121.057473602612,14.49969062413438],[121.0573511265787,14.49966172877904],[121.0572285166081,14.4996328017527],[121.057215729278,14.49969359791037],[121.0572080862102,14.49972993614099],[121.0571993204414,14.49977161213069],[121.0571906507086,14.49981283151088],[121.057220653444,14.50025880289294],[121.0569386539377,14.50031380103702],[121.0568681857684,14.50055715607846],[121.0568446070863,14.50063858266454],[121.0567686575849,14.50088976530055],[121.0567436358758,14.50098727579259],[121.0567203717804,14.50106761566282]]]}},{"type":"Feature","properties":{"name":"CENTRAL BICUTAN"},"geometry":{"type":"Polygon","coordinates":[[[121.0583708905245,14.49459331811635],[121.0577977111694,14.49456218754399],[121.057464873768,14.49454410980104],[121.0569320901033,14.49441962282939],[121.0562160897762,14.4943206334987],[121.0560750939377,14.49496059353562],[121.0548440935681,14.4948206099525],[121.0531860228307,14.49446121800833],[121.052480371122,14.49739747727606],[121.0504541240686,14.49694164778115],[121.0505760369563,14.49641779516191],[121.0508253119104,14.49532260776925],[121.0510855040353,14.49418044854038],[121.0511834295192,14.49373473114251],[121.0507441986276,14.4936460648974],[121.0492278621697,14.49333995966584],[121.0482029227716,14.49311569825664],[121.0478000252747,14.4930724340483],[121.0474544400616,14.49304109995322],[121.0475874709758,14.49123322420963],[121.0476143607378,14.49086779172664],[121.0469519002186,14.48753908387308],[121.0469759908483,14.48754640890171],[121.0470587029887,14.48744725604339],[121.0479617155596,14.48636474371924],[121.048043256191,14.48636667183363],[121.0490692254662,14.48639092954231],[121.0495563684528,14.48647144766369],[121.049688968561,14.48639332127097],[121.0498237682439,14.48634015422181],[121.0498631468379,14.4863483258515],[121.0502742883361,14.48602841160445],[121.0510208375177,14.48607889585263],[121.0511435728053,14.48590470909465],[121.0512537546886,14.48576157946095],[121.0513179098538,14.48571702115062],[121.0513374369382,14.48565220684458],[121.0515065933054,14.48546770154339],[121.0515716756606,14.4853446841209],[121.0516172422857,14.4852275529684],[121.0517742874372,14.48504721828509],[121.0518082763465,14.48493644484299],[121.0519374465582,14.48481001313597],[121.0519456952419,14.48475127706884],[121.0520566577089,14.48462073694685],[121.0522007979563,14.48438818140918],[121.0525992943798,14.48402729899075],[121.0524767760228,14.48596776746853],[121.0525169209408,14.48788181098134],[121.0526153007416,14.48908882802301],[121.0526245290749,14.48920204930864],[121.0528835979205,14.48925654406635],[121.0530932473546,14.48928105267881],[121.0532799773537,14.48927023877092],[121.0555397229781,14.48878277962179],[121.056214784594,14.490147172233],[121.0566467572958,14.491123074553],[121.0571880153597,14.49203527991568],[121.0573629358016,14.49222632552442],[121.0580013155532,14.49331094505872],[121.058080058888,14.49354238658311],[121.0581275094817,14.49384542105858],[121.0582111399862,14.49418148935977],[121.0583708905245,14.49459331811635]]]}},{"type":"Feature","properties":{"name":"WESTERN BICUTAN"},"geometry":{"type":"Polygon","coordinates":[[[121.0464481090284,14.53574495853116],[121.0463379805824,14.53525248111116],[121.0455688204846,14.53461018876397],[121.0454379335983,14.53453579485322],[121.0451481405807,14.53441360793463],[121.0426096711087,14.53456052698148],[121.0422710157622,14.53458309170453],[121.0406024797206,14.53470196993399],[121.0400110488396,14.53471702504271],[121.0394222971508,14.5347226378941],[121.0392282344006,14.53473039345249],[121.038823315313,14.5346756692566],[121.0387617100903,14.53466180927152],[121.0382969592923,14.5345529402508],[121.0380850783192,14.53449613924242],[121.0377084972967,14.53432647156927],[121.0375280079801,14.53422615396137],[121.0372086613839,14.53400744351897],[121.0368486003839,14.53373090088022],[121.0361777538325,14.53318110116827],[121.0355835665887,14.53264531533912],[121.0351804995062,14.53227458452456],[121.0347527274805,14.53188112860771],[121.0343832181926,14.53154125979737],[121.0340531647303,14.53121204933788],[121.0337644976367,14.53092145845704],[121.0334047952507,14.53055935730494],[121.0332107602689,14.5303637681075],[121.0331291256756,14.53023628841338],[121.0330641580289,14.53013074142503],[121.0329608143566,14.52985875912835],[121.0329240735434,14.52976206362274],[121.0328450990538,14.52955663883465],[121.0328196073986,14.52949008272654],[121.0327269410474,14.52924792282513],[121.0327211541383,14.52923280019382],[121.0326566947318,14.52910807641244],[121.0325671528965,14.52893481987924],[121.0322370604122,14.52859891541787],[121.0322294470354,14.52859116797395],[121.0320095801116,14.5283977155615],[121.0318328440537,14.52824221193568],[121.0316051504449,14.52817887242189],[121.031542166671,14.52814611523209],[121.0312266995148,14.52798204372347],[121.0308574605785,14.52778543182574],[121.0307021146526,14.52771167267743],[121.0306612369929,14.52769096388332],[121.0305167511083,14.52763462464648],[121.0301495771151,14.52748981973849],[121.0297989901926,14.52734474937797],[121.0295666269991,14.52724813925535],[121.0291991481122,14.52707995339203],[121.0288417834386,14.52695269532535],[121.0285163941247,14.52674346386347],[121.0283732923636,14.52665144646481],[121.0281700250542,14.52652280641628],[121.0280449378276,14.52644093916882],[121.0277218728796,14.52621043425814],[121.027376550155,14.52596404753064],[121.0271961445994,14.52583804163764],[121.0269621818768,14.52563295674629],[121.0266069882141,14.52531800376267],[121.0259151405255,14.52466312232827],[121.0369081393288,14.50403122306103],[121.0370707728243,14.50414737659134],[121.0387907759935,14.50481432409029],[121.0421707652156,14.50334239834417],[121.0439697546361,14.5017664884033],[121.0453777491746,14.50099452946665],[121.0468370115309,14.50026147135596],[121.0495678969377,14.50192881402261],[121.0513715040212,14.50335272181301],[121.0529184415013,14.50475799397768],[121.0525518034271,14.50519277311961],[121.0516532637017,14.50705691389047],[121.049032053819,14.51174136955796],[121.0501765690693,14.51232422963585],[121.0504545697884,14.51246821888909],[121.0514615683961,14.51294364638818],[121.0523304697343,14.51341742629396],[121.0510259034828,14.51599955927428],[121.0429973648544,14.51187807122295],[121.0429405305673,14.51198313180255],[121.0429602390982,14.51199428391682],[121.0417446104035,14.51424248584432],[121.045668381104,14.51515285356141],[121.0453894526253,14.51627509144755],[121.0467032726148,14.51638834656036],[121.0471815659397,14.51648749223036],[121.0479665170493,14.51670127141527],[121.0484884733188,14.51705673381099],[121.0493130666518,14.51779083951573],[121.0499072032865,14.51811754149388],[121.0506079509432,14.51842368726094],[121.0505744332105,14.51851178397351],[121.0505157542016,14.51866601343091],[121.0503838751751,14.51890067797675],[121.0502506775155,14.51904920702693],[121.0499643960027,14.51920888585652],[121.0496419994864,14.51926390761667],[121.0488056626046,14.51916267256489],[121.0481609238367,14.51918327774006],[121.0475624878963,14.51940556306908],[121.0472741182445,14.51966109099198],[121.0469036400786,14.52027967932566],[121.0464786177757,14.52375800957713],[121.0463511229963,14.52414044825933],[121.04602070834,14.52449481744221],[121.0458261658639,14.52459572374932],[121.0444219481229,14.52496985651153],[121.0449739332628,14.52545312280411],[121.0451934963237,14.52590847870498],[121.046150447703,14.52638820858424],[121.0478106346108,14.52709134723806],[121.0486748060141,14.52741293084152],[121.048161946394,14.52850888183596],[121.0478945164826,14.52897412786131],[121.0477283110336,14.52917151305694],[121.0476371517766,14.52921313422573],[121.047539037135,14.52923454033757],[121.047427316022,14.52922478249935],[121.0473189596088,14.5291864851067],[121.0474509229323,14.52972261143623],[121.0462894784634,14.53057014784192],[121.046517202981,14.53119191643166],[121.0466565231944,14.53172584058519],[121.0467587599187,14.53233626376399],[121.0468424257253,14.53330974157028],[121.0468590885132,14.53407952925279],[121.0468439623661,14.53450308707649],[121.0468093943487,14.53500514218518],[121.0464481090284,14.53574495853116]]]}},{"type":"Feature","properties":{"name":"NEW LOWER BICUTAN"},"geometry":{"type":"Polygon","coordinates":[[[121.0605816970256,14.51140454259089],[121.0605034772295,14.51087946111443],[121.0604802017939,14.51072321500602],[121.0604191986575,14.51021024807237],[121.0603251944249,14.50951729280927],[121.0602911931319,14.50930530652575],[121.0602131899649,14.50878634007498],[121.0601541863481,14.50819537810462],[121.0601261869515,14.50792141825989],[121.0602831812441,14.5073734297667],[121.0602601791352,14.5070294518368],[121.0602151770463,14.50668747390803],[121.0601741746485,14.50629549914446],[121.0600731725548,14.50594952179805],[121.0599761687183,14.50532056247514],[121.0599361674895,14.50511857559021],[121.0599141655835,14.50480759555105],[121.0598731615618,14.50415163762383],[121.0597871615735,14.50414863831735],[121.0598056374375,14.50393977297085],[121.0598177492467,14.5036525224946],[121.0598111577136,14.50352267809801],[121.0599151565513,14.50333968916101],[121.0603751527542,14.50274872416463],[121.0602401521248,14.50263873196788],[121.0601001514479,14.50252074031059],[121.0599201505329,14.50236175150152],[121.0601667237455,14.50208455625012],[121.059859147171,14.50181178693335],[121.0596911462332,14.50164979824561],[121.0594758759514,14.50135598868337],[121.0593460040625,14.50102689688423],[121.0593764482003,14.50082220049196],[121.0591451668201,14.49939417725122],[121.059125248777,14.49765423424679],[121.0596268748989,14.49755406766963],[121.0597118350237,14.49753892710811],[121.0599335802599,14.49750518565288],[121.0601522704811,14.4974760273876],[121.060253822519,14.49745645619221],[121.061561267671,14.49712704126028],[121.0620742664915,14.49697504790158],[121.0644939042439,14.49643855756483],[121.065113217215,14.49630123695938],[121.0655004897446,14.49722712392624],[121.0657146322821,14.4982271283302],[121.0661641103635,14.49956042095734],[121.0663996556725,14.50060208781979],[121.0666779362114,14.50151873423124],[121.0669989332433,14.5022478560861],[121.0673841513629,14.50318530563892],[121.0678121182573,14.50403940349324],[121.0683470990771,14.50516431990934],[121.0692989273541,14.5066902607816],[121.0692334546631,14.5067240120055],[121.0692700951872,14.50681737159436],[121.069037336834,14.50695188609653],[121.0674895428118,14.50779232604049],[121.0670621923287,14.50804362216224],[121.0664509737752,14.5083984647444],[121.0663044129489,14.50854429848904],[121.0662393435693,14.50857922028478],[121.0660567694779,14.50861459909854],[121.0656747972327,14.50877948572097],[121.0652691248327,14.50891778005124],[121.0650740747218,14.50908583039648],[121.0650066234355,14.50937461897913],[121.0648101374321,14.50981723678897],[121.0645655031035,14.5101808676629],[121.0644620115691,14.51040052667556],[121.0644977518992,14.51066835055623],[121.0645414132073,14.51077073899952],[121.0646094926465,14.51083325297959],[121.0644303916204,14.51097417505132],[121.0639836010123,14.51121066512708],[121.0633238410722,14.511350813441],[121.0619001684912,14.51146728257318],[121.0617129542883,14.51142112053754],[121.0617072762601,14.51139905867569],[121.0616486051779,14.51138482508902],[121.0615557861893,14.51133081802915],[121.0614574608399,14.51135368374447],[121.0612823949946,14.51134943757086],[121.061180860451,14.51134386511276],[121.0609361400304,14.51133960645314],[121.0605816970256,14.51140454259089]]]}},{"type":"Feature","properties":{"name":"LIGID"},"geometry":{"type":"Polygon","coordinates":[[[121.0810922775888,14.54815122421725],[121.080206278612,14.54825422277865],[121.0802302792353,14.54835821601351],[121.0802062795995,14.54841621245684],[121.0799802797613,14.54842621312677],[121.0800022804343,14.54853820586362],[121.0786032817526,14.54865220669116],[121.0778812829458,14.54879520175587],[121.0775452834489,14.54885320000379],[121.0774592805245,14.54836723146562],[121.0769482805567,14.54833523645966],[121.0766852763945,14.54763328270757],[121.0766210109098,14.54757205417689],[121.0766112751473,14.54742329651542],[121.0765122733566,14.54712231626597],[121.076301274005,14.54721331168809],[121.0762152736654,14.54715131613576],[121.0760082721483,14.5468873341534],[121.0759332703146,14.54666111161774],[121.0758671183409,14.54646158185703],[121.0758123047601,14.54628124940541],[121.0757602672666,14.5460683877703],[121.0755562673998,14.54607538850389],[121.0755372670852,14.54602239199075],[121.0755042668074,14.5459743952399],[121.0753732661098,14.54585040389818],[121.0752992650152,14.54566541611349],[121.0753262649179,14.54565141684943],[121.0752212633372,14.54538443446882],[121.0750562621733,14.54518144835738],[121.074976260082,14.54483247105717],[121.075003259424,14.54472647765511],[121.0750072584532,14.54456748776306],[121.0749262246965,14.54453049855936],[121.0748402382491,14.54445172084972],[121.0747062129949,14.54436557044819],[121.0746505637918,14.54428185766309],[121.0746404194398,14.5441882797155],[121.0746833529778,14.54405035691911],[121.0747566177127,14.54389026046969],[121.0750143066287,14.54374323920173],[121.0750347725754,14.54373557640805],[121.0750537054465,14.5437248047907],[121.0750706115199,14.5437112052468],[121.0750850499272,14.54369513241898],[121.0750966441511,14.54367700544669],[121.0751050918437,14.54365729703643],[121.0751101727111,14.54363652113451],[121.0751117542579,14.54361521952467],[121.0751097952423,14.54359394769949],[121.0751043467515,14.54357326037488],[121.0750955508693,14.54355369702422],[121.0750836369711,14.54353576781027],[121.0750689157419,14.54351994028166],[121.0749609918138,14.54336236442833],[121.0747661912536,14.54326124469371],[121.0743416207349,14.54308911168154],[121.0744905374157,14.54271905997547],[121.0746626703297,14.54207628120845],[121.0748461988845,14.54139094460495],[121.0749926255391,14.54084415164867],[121.0751305223699,14.54032920859979],[121.0759555223627,14.54048419403524],[121.0760295187381,14.53989323126756],[121.0769205175293,14.53986022830551],[121.0770245163211,14.53967823930992],[121.0783293738946,14.53905105337014],[121.0783833205376,14.53908605987567],[121.0787743004002,14.53950213743232],[121.0788815138413,14.53961623270515],[121.0789768384274,14.539763001786],[121.0792718393973,14.53960583104881],[121.0793888400601,14.53971982313398],[121.0796053619066,14.53996426718171],[121.0797913886249,14.54018506765873],[121.080139390462,14.54051204490501],[121.0802343910431,14.54061503781833],[121.0803006963382,14.54076772106021],[121.0806316955632,14.54063472770956],[121.0806156953887,14.54060472970988],[121.0806921279534,14.54058528164224],[121.0807104074524,14.54062236784651],[121.0807475183651,14.54072515144222],[121.080833519148,14.5408721415878],[121.0812875987913,14.54066150573276],[121.0814172329146,14.54084468794148],[121.0815092339336,14.54101867632147],[121.0815732344778,14.54111266996134],[121.081620234865,14.54117966542008],[121.0816538722863,14.54121255288383],[121.0817102353609,14.54126765929207],[121.0817376045448,14.54128316731817],[121.0818638102326,14.54135467837225],[121.0819253709864,14.54139410064961],[121.0820418579048,14.54147515849093],[121.0820612365505,14.54148864317986],[121.0821354892126,14.54153706514849],[121.0821532368751,14.54154863882459],[121.0822345785077,14.54158560940826],[121.0823402373093,14.54163363232702],[121.0823760229787,14.54164483533083],[121.082554237622,14.54170062682038],[121.0827082379247,14.54176162204301],[121.0828296861909,14.54182623167889],[121.0830577768473,14.54194757405408],[121.0831083197393,14.54197901847687],[121.0831949035008,14.54203974572513],[121.083250726306,14.5420926078112],[121.0833015463111,14.54215005875337],[121.0833469675922,14.54221165097245],[121.0833866362839,14.54227690462557],[121.0834202433362,14.54234531134478],[121.0834475269228,14.5424163381969],[121.0834682744803,14.54248943183608],[121.08348046667,14.54256450596823],[121.0834853370232,14.54264036544681],[121.0834828421311,14.54271633426153],[121.0834730042189,14.54279173542724],[121.0834559109484,14.54286589701643],[121.0834317146371,14.54293815814747],[121.0834008592244,14.54300736277398],[121.0833639187419,14.54307238943564],[121.0833203937415,14.54313411730525],[121.0832709702648,14.54319147704113],[121.0832161074108,14.54324393581837],[121.083156314807,14.54329100633782],[121.0830921478756,14.5433322513523],[121.0830242026737,14.54336728772866],[121.0829640852311,14.54339550529207],[121.0828859667145,14.5434277608339],[121.0827918143977,14.54346009068026],[121.0826957859658,14.54348667421608],[121.0825982506594,14.54350740922427],[121.0824995835136,14.54352221597625],[121.0824001639159,14.54353103753801],[121.0823003741475,14.5435338399896],[121.0822005979123,14.54353061255516],[121.0820208829166,14.54345163135139],[121.0819449218667,14.54341824790622],[121.0817051113765,14.54331285550166],[121.0815722492804,14.54317639800287],[121.081337458131,14.54305613688497],[121.0811856261422,14.54301727341261],[121.0807666851263,14.54454552562511],[121.0810084067095,14.54518193728392],[121.0811153031957,14.54585493332282],[121.0811431528792,14.54599655644113],[121.0811933557208,14.54625185089423],[121.0810797080399,14.54684730717715],[121.0809289713128,14.54708020753715],[121.0810356634411,14.5474952760822],[121.0810922775888,14.54815122421725]]]}},{"type":"Feature","properties":{"name":"IBAYO"},"geometry":{"type":"Polygon","coordinates":[[[121.0928388779599,14.54464884036583],[121.0922138690833,14.54470443468178],[121.0910941372836,14.54499083441116],[121.0910169547622,14.54500744426597],[121.0909386699102,14.5450180878734],[121.0908597680344,14.54502269925136],[121.0907807382663,14.54502124981263],[121.0907020705304,14.54501374854267],[121.0906242525072,14.54500024194359],[121.0905477666088,14.54498081374594],[121.0904730869894,14.54495558438981],[121.0904006766048,14.54492471027767],[121.0903309843428,14.54488838280556],[121.0902644422408,14.54484682717566],[121.0893300632099,14.54436885575182],[121.0888798574201,14.54422671727483],[121.0887126716885,14.54533976766133],[121.0877420150603,14.545248567435],[121.0877906804296,14.54686167577454],[121.0852237597786,14.54693834743564],[121.0840651858868,14.54705816275703],[121.0820670878604,14.54738400485729],[121.0810356634411,14.5474952760822],[121.0809289713128,14.54708020753715],[121.0810797080399,14.54684730717715],[121.0811933557208,14.54625185089423],[121.0811431528792,14.54599655644113],[121.0811153031957,14.54585493332282],[121.0810084067095,14.54518193728392],[121.0807666851263,14.54454552562511],[121.0811856261422,14.54301727341261],[121.081337458131,14.54305613688497],[121.0815703091793,14.54317989740808],[121.0817051113765,14.54331285550166],[121.0819449218667,14.54341824790622],[121.0820208829166,14.54345163135139],[121.0822005979123,14.54353061255516],[121.0823003741475,14.5435338399896],[121.0823942778846,14.54353247642758],[121.0824879143232,14.54352544634219],[121.0825809234198,14.54351277676516],[121.0826729475429,14.54349451641237],[121.0827636328492,14.54347073549729],[121.0828526306431,14.54344152546038],[121.0829395987183,14.54340699861764],[121.0829640852311,14.54339550529211],[121.0829778808896,14.54338980898924],[121.0830242026737,14.54336728772866],[121.0830672035035,14.54334638107565],[121.0831535911015,14.54329764407861],[121.0832138267438,14.54324932683077],[121.083269116624,14.54319569222733],[121.0833189680342,14.54313721822897],[121.0833629367325,14.54307442592178],[121.0834006309008,14.54300787487362],[121.0834008592244,14.54300736277398],[121.0834011409595,14.54300686683301],[121.0834317146371,14.54293815814747],[121.0834559109484,14.54286589701643],[121.0834730042189,14.54279173542724],[121.0834828421311,14.54271633426153],[121.0834853370232,14.54264036544681],[121.08348046667,14.54256450596823],[121.0834682744803,14.54248943183612],[121.0834488691102,14.54241581206149],[121.0834224234943,14.54234430269454],[121.0833891733048,14.54227554097834],[121.0833494148506,14.54221013967005],[121.0833035024371,14.54214868158083],[121.0832518452082,14.54209171438211],[121.0831949035008,14.54203974572513],[121.0831331847421,14.54199323871753],[121.0830672389279,14.54195260779626],[121.0830577768473,14.54194757405408],[121.0830184016713,14.54192307742679],[121.0829254278244,14.54187209585491],[121.0828296861909,14.54182623167889],[121.0827082379247,14.54176162204301],[121.082554237622,14.54170062682038],[121.0823760229787,14.54164483533083],[121.0822345785077,14.54158560940826],[121.0821354892126,14.54153706514849],[121.0820418579048,14.54147515849093],[121.0819253709864,14.54139410064961],[121.0818902359019,14.54136965175163],[121.0818638102326,14.54135467837225],[121.0817376045448,14.54128316731813],[121.0816538722863,14.54121255288383],[121.081620234865,14.54117966542008],[121.0815092339336,14.54101867632147],[121.0814172329146,14.54084468794148],[121.0812875987913,14.54066150573276],[121.0811589578434,14.54012489646894],[121.0811535141714,14.54010218882721],[121.0811005132013,14.539930200087],[121.08119851629,14.53988288238081],[121.0813548404938,14.53980580674194],[121.0819655348543,14.5397477059223],[121.0823930320145,14.53970179380347],[121.0829349846398,14.53964358830761],[121.0857084089689,14.53899745031098],[121.0859739791985,14.53893566003645],[121.086033297903,14.53891043946434],[121.0860894589639,14.53887910148433],[121.086141799955,14.5388420157331],[121.0861897035094,14.53879961964286],[121.0862326046014,14.53875241328164],[121.0862699972106,14.53870095345472],[121.0863014402912,14.53864584713721],[121.0863265629739,14.53858774431366],[121.0863450689391,14.53852733031341],[121.0863567399131,14.53846531772479],[121.0863614382418,14.53840243799125],[121.086359108514,14.53833943278356],[121.0863497782149,14.5382770452519],[121.0863357400445,14.53822422388454],[121.0863335574015,14.53821601126036],[121.0862503018466,14.53800849894347],[121.0861288216682,14.53770571198056],[121.0859283141148,14.53720594886136],[121.0856604876979,14.53653839029741],[121.0856155371073,14.53648573747726],[121.0855764731631,14.53642880245569],[121.0855437225057,14.53636820706027],[121.0855176428229,14.53630461309565],[121.0854985189435,14.53623871511566],[121.0854865597262,14.53617123283697],[121.0854818957793,14.53610290327908],[121.085484578034,14.53603447271451],[121.0854945771889,14.53596668851877],[121.0855117840299,14.5359002910062],[121.0855360106241,14.53583600534597],[121.0855669923712,14.53577453364204],[121.0856043908951,14.53571654726454],[121.0856477977387,14.53566267951784],[121.0856967388256,14.53561351872348],[121.0857488279026,14.53557110942057],[121.0858090310462,14.53553140837952],[121.0858711557674,14.53549935560173],[121.0859043008078,14.53548787046113],[121.0859363752972,14.53547379353003],[121.0859859848823,14.53546000293196],[121.0860641780865,14.53544581662228],[121.0861433576982,14.53543847139049],[121.0862134685348,14.53544221217122],[121.086282995192,14.53545177235622],[121.0863514295606,14.53546708207859],[121.0881126715329,14.53511589266217],[121.0882467899102,14.53504880646069],[121.0883775057063,14.53497562447298],[121.0884626307238,14.53492260496332],[121.08850452715,14.53489651005253],[121.0886275707172,14.5348116397947],[121.0887463617641,14.53472120314214],[121.0888606351402,14.53462540196223],[121.0889701357798,14.53452445009612],[121.0890746192719,14.53441857288153],[121.0891738524051,14.5343080066498],[121.0892676136888,14.53419299819803],[121.089605808348,14.53387429038393],[121.0905357610441,14.53299791450902],[121.0914735511151,14.53211414203362],[121.0917992068175,14.53172644461022],[121.0920640915662,14.53139441566172],[121.0922988751151,14.53110011702126],[121.0925642379515,14.53084044374826],[121.0928078007913,14.53061248805322],[121.0934515152998,14.53009565605083],[121.098075777202,14.52619734535857],[121.0992878294909,14.52517553235109],[121.1010505804779,14.52759090163015],[121.1010491709501,14.5275928551256],[121.1014862462901,14.52818785250141],[121.1014748142164,14.52819949604965],[121.1009705347984,14.52871310203595],[121.1007730658437,14.52891422220435],[121.0999073389692,14.52961322529988],[121.0988410764324,14.53047413396619],[121.0988053023441,14.53050706710305],[121.0978896338518,14.53135001381373],[121.0976374136414,14.53158220110899],[121.0974685569736,14.53173764569512],[121.0973394456231,14.53185634626101],[121.0973040859194,14.53188905268506],[121.0969655211512,14.53213415986657],[121.0967111730813,14.53231829689096],[121.0962685633566,14.5326387258405],[121.0952280962371,14.53339196892664],[121.0945413253186,14.53389883295531],[121.093821753489,14.53442990070513],[121.093258106197,14.53484588768187],[121.0928048633816,14.53509521002996],[121.0928391085463,14.53519286799663],[121.0928541527355,14.53521591281545],[121.0929250586507,14.53532452702867],[121.0932135586636,14.53576645218222],[121.0936572675868,14.53644612261567],[121.0936851160141,14.53648878048603],[121.0937283037797,14.53654020337829],[121.094080919552,14.53696503739518],[121.0943643764775,14.53732248749274],[121.0942906035745,14.53782369086539],[121.0942880187045,14.53784649494861],[121.0941812477649,14.53878843900328],[121.0941545484775,14.53902398159248],[121.09412722804,14.53926500349167],[121.0940966995832,14.5395343260439],[121.0940790917605,14.53968966225535],[121.0940460614157,14.53998105537802],[121.094043404992,14.54001593206568],[121.0938932430357,14.54001262596137],[121.0938825652062,14.54001239086475],[121.0938761794536,14.5405993026213],[121.0938642825571,14.54100833767956],[121.0938527475821,14.54140492797944],[121.0938510394657,14.54146365555724],[121.0938540904257,14.54152736379477],[121.093886882311,14.54221210096533],[121.0939071534995,14.54263538744632],[121.093969990974,14.54282591197995],[121.0941069506725,14.54324117543054],[121.0942167218222,14.54357400167366],[121.0943152950323,14.54387287484188],[121.0943411613173,14.54395130106403],[121.0943847380142,14.5440684726286],[121.0944601632112,14.54427127998132],[121.0942609618276,14.54459615474497],[121.0928388779599,14.54464884036583]]]}},{"type":"Feature","properties":{"name":"NAPINDAN"},"geometry":{"type":"Polygon","coordinates":[[[121.101260785249,14.52729957375269],[121.1015059543851,14.5270243691997],[121.1024699489717,14.52613642027579],[121.1022079417444,14.52494249791562],[121.1018039292751,14.52288263159506],[121.1015999221446,14.52170470788597],[121.1022159017948,14.51834891835939],[121.1022588948646,14.51720499106966],[121.1037078909585,14.5165680233668],[121.1047058883025,14.51613504524636],[121.1055938857468,14.51571806673836],[121.1060358835695,14.51536108696705],[121.1066058834287,14.51534108496696],[121.1082958830117,14.51528207901767],[121.1108338821148,14.51514907291486],[121.1131078823756,14.51520605621066],[121.1156488829813,14.51532203420867],[121.1172888834262,14.51540601942553],[121.1176318869131,14.51598398058774],[121.1177558862905,14.51588198638094],[121.1166714870362,14.5245785721429],[121.1157189846492,14.53209896385919],[121.1144419883298,14.5326979330155],[121.1141341393402,14.53336440241357],[121.1137178199348,14.53411368671497],[121.1126865811129,14.53572588052067],[121.1113352897377,14.5383974652336],[121.109085051862,14.54313829824341],[121.1089340672588,14.54567413747081],[121.1072630676445,14.54572814365178],[121.1061600453063,14.5420413850078],[121.1053060471494,14.542340370866],[121.1055260545576,14.54356229170946],[121.1046440569358,14.54394927212114],[121.1041140508301,14.5429403394849],[121.1032810541164,14.54347731005331],[121.1039670611761,14.54464423172185],[121.1028260649097,14.54525319947679],[121.1019500584986,14.5441922721448],[121.1018770581246,14.54413027651677],[121.1011336819901,14.54465530644411],[121.1007210632595,14.54497022963507],[121.1006820630059,14.54492823253647],[121.0995380666955,14.54553020075578],[121.0992550638882,14.545066231958],[121.0986960619875,14.54475025531683],[121.0968840580616,14.54409430756012],[121.0968380576868,14.54403231177645],[121.0967280578296,14.54405531094394],[121.0966550611272,14.54459827675653],[121.0942320614717,14.54464328783991],[121.0942609618276,14.54459615474497],[121.0942861651808,14.5445952209285],[121.0944601632112,14.54427127998132],[121.0943847380142,14.5440684726286],[121.0943152950323,14.54387287484188],[121.0942167218222,14.54357400167366],[121.0941069506725,14.54324117543054],[121.093969990974,14.54282591197995],[121.0939071534995,14.54263538744632],[121.093886882311,14.54221210096533],[121.0938540904257,14.54152736379477],[121.0938527475821,14.54140492797944],[121.0938642825571,14.54100833767956],[121.0938761794536,14.5405993026213],[121.0938932430357,14.54001262596137],[121.094043404992,14.54001593206568],[121.0940790917605,14.53968966225535],[121.0940966995832,14.5395343260439],[121.09412722804,14.53926500349167],[121.0941545484775,14.53902398159248],[121.0941812477649,14.53878843900328],[121.0942880187045,14.53784649494861],[121.0943643764775,14.53732248749274],[121.094080919552,14.53696503739518],[121.0940101182049,14.53687575393463],[121.0937283037797,14.53654020337829],[121.0936572675868,14.53644612261567],[121.0932135586636,14.53576645218222],[121.0929250586507,14.53532452702867],[121.0928541527355,14.53521591281545],[121.0928391085463,14.53519286799663],[121.0928048633816,14.53509521002996],[121.0929461074486,14.5350228782109],[121.093258106197,14.53484588768187],[121.093821753489,14.53442990070513],[121.0945413253186,14.53389883295531],[121.0952280962371,14.53339196892664],[121.0962685633566,14.5326387258405],[121.0967111730813,14.53231829689096],[121.0969655211512,14.53213415986657],[121.0973040859194,14.53188905268506],[121.0974685569736,14.53173764569512],[121.0976374136414,14.53158220110899],[121.0978896338518,14.53135001381373],[121.0988053023441,14.53050706710305],[121.0999073389692,14.52961322529988],[121.1007730658437,14.52891422220435],[121.1009705347984,14.52871310203595],[121.1014748142164,14.52819949604965],[121.1014862462901,14.52818785250141],[121.1010505804779,14.52759090163015],[121.101260785249,14.52729957375269]]]}},{"type":"Feature","properties":{"name":"FORT BONIFACIO"},"geometry":{"type":"Polygon","coordinates":[[[121.0535724479519,14.54344940719137],[121.0538223559144,14.54355482749282],[121.0538170893837,14.54364765260214],[121.0539042301727,14.5436940897041],[121.0539113008725,14.5437710948548],[121.0539085239554,14.54379902400847],[121.0545934218041,14.54386674340344],[121.0545393746295,14.54406749783716],[121.0545959856629,14.54410499381604],[121.0546894316129,14.54413154477459],[121.0548181353625,14.5441484164074],[121.0547882925366,14.54429249474926],[121.0547868123095,14.54431039103583],[121.054793977017,14.54439101147424],[121.0548066201091,14.54448690544744],[121.0548951417851,14.5444867943318],[121.0548933132911,14.5445973338236],[121.0550067047006,14.54460508020274],[121.0550329712127,14.54463300254406],[121.0550348475646,14.5447159741871],[121.0551015627083,14.54471207200811],[121.0551082701603,14.54481917491646],[121.0551852837638,14.54481011842866],[121.0552928325015,14.54482988705523],[121.0552939666981,14.54491313002019],[121.0553258221882,14.54502736728013],[121.055328902204,14.54509940222617],[121.0553594380701,14.54513093886192],[121.0554360813763,14.54512495541914],[121.055565159698,14.54515294372341],[121.055788637178,14.54530581952391],[121.0557491202679,14.54535282836869],[121.056067247108,14.54551661775554],[121.0562392730178,14.54548647879313],[121.0563812655095,14.54557746086105],[121.0563420238859,14.54561199681187],[121.0564752940966,14.54570261938564],[121.0565862915225,14.54578086472277],[121.0566796580959,14.5458563123852],[121.0566908890342,14.54586914412687],[121.0567188419434,14.54595897857907],[121.0567914162002,14.54600577965433],[121.0568443225375,14.54606695646151],[121.0569057607661,14.54610906026039],[121.0569142080319,14.54612198305095],[121.0569487456627,14.54619798719453],[121.0569845009792,14.54631836934378],[121.0569953623721,14.54633734723935],[121.056997529509,14.54646578169071],[121.0569842879552,14.54657316053137],[121.0569798387667,14.5465917806184],[121.0569512228352,14.54681205220713],[121.0569115989679,14.5468038369407],[121.0568938373941,14.54701588098071],[121.0569228053285,14.54708266735682],[121.0569337381394,14.54738020721873],[121.0569743750027,14.54735796299122],[121.0570518823535,14.54746179477276],[121.0571141621942,14.54752748840145],[121.0571317956803,14.54753968587345],[121.0571399850507,14.5476319654374],[121.0571158854413,14.5477336527634],[121.0571466320115,14.54786045332173],[121.0572019714128,14.54799908810706],[121.057359204372,14.54817005523328],[121.0574108032378,14.54819616341993],[121.0574509079721,14.54826873153625],[121.0574397122734,14.54839283083177],[121.0573687217229,14.54837377731728],[121.0572924195723,14.54862732172107],[121.0572528865065,14.54861268926411],[121.057225661586,14.54882952593545],[121.057597996519,14.54939568724076],[121.0577436164829,14.54950790767043],[121.0578237110571,14.54956537180412],[121.0579416715544,14.54964840507019],[121.0580197246836,14.54970541772351],[121.0580548083851,14.54973695286496],[121.0580161305745,14.54980032127936],[121.0582107417492,14.54989879097747],[121.0582834579674,14.54977323021928],[121.0585321871435,14.54994760830202],[121.0586561125237,14.55012798272821],[121.0587713962866,14.55005662449665],[121.058865604733,14.55000338170315],[121.0588871413013,14.55003636626008],[121.0589937446139,14.54997948820893],[121.0590726967747,14.54992641319403],[121.0591665479065,14.55006946655534],[121.0590861101255,14.55011910740378],[121.0591346610065,14.55019595876661],[121.0591949066743,14.55028370590592],[121.0591387796326,14.55033026758528],[121.0591057541223,14.55036263321285],[121.0590772902914,14.55045085467771],[121.0590628394847,14.55054422446233],[121.0589887225186,14.55063571123377],[121.0590293226083,14.55082279480756],[121.0591549650039,14.55082692073392],[121.0591562020255,14.55094224974239],[121.059230345248,14.55094910013992],[121.0592244200818,14.55099998753797],[121.0591590018647,14.55100253481588],[121.0591585093616,14.55124376844459],[121.059580381205,14.55103017568144],[121.0596193484894,14.55100901602693],[121.0599016816477,14.55087843021201],[121.0599917167443,14.55083339351096],[121.0601894923008,14.55075914058307],[121.0602479608157,14.5507928385815],[121.0602822347201,14.55091593205704],[121.0600693034973,14.55101974702278],[121.0600536304163,14.55105265062978],[121.059968185134,14.55111512751604],[121.0598933118734,14.55115419234581],[121.0597989480516,14.55117825847383],[121.0598602213042,14.55128950487416],[121.0599404767239,14.55125089059458],[121.0600378659551,14.55143407294359],[121.0600542973672,14.55146018955311],[121.0600983201829,14.55160415912989],[121.0601881126206,14.55183145049426],[121.0603141161255,14.55179634927653],[121.060356058354,14.55179543463172],[121.0603851438005,14.55194700021181],[121.0603864525135,14.55198233981118],[121.0603895333505,14.55239222804661],[121.060397448658,14.55249472085573],[121.0603858496826,14.5524954469159],[121.0603707754431,14.55268335802897],[121.0604172811681,14.55274290873346],[121.060320968852,14.55276986784464],[121.0601919901617,14.55278562776885],[121.0599466067139,14.55279658204917],[121.0598087572739,14.55280154310698],[121.0594123443612,14.55280516901227],[121.0591721964013,14.55281137591718],[121.0591069609036,14.55280515593965],[121.0588497183776,14.55273381781556],[121.0588616951327,14.55275794718974],[121.0588746031558,14.55279463963091],[121.0588738692901,14.55282663556241],[121.0587200435682,14.55292474026129],[121.0587834302581,14.55302117474197],[121.0588795251113,14.55315933567319],[121.0589218580596,14.55323108949048],[121.0589657676646,14.55329958909783],[121.0590100536354,14.55338752104575],[121.0591631395342,14.55329818354231],[121.0592356317246,14.55337426808286],[121.0593266930064,14.55348885124862],[121.0592355835572,14.55354156788056],[121.0593571953009,14.55373549997582],[121.0593998847482,14.55375139663493],[121.0595070239653,14.55395681101931],[121.0594884765477,14.5539992959584],[121.0593442894686,14.55405473761858],[121.0594043078685,14.55432930732911],[121.0594012754737,14.55444075089652],[121.0594096620632,14.55457198554067],[121.0594253747443,14.55468577431704],[121.0594377201353,14.55469978061707],[121.0594533806782,14.55496532321483],[121.0595823318011,14.55518772408758],[121.0593233926925,14.55537623934994],[121.0593340680546,14.55539114991237],[121.0594136113732,14.555459730768],[121.0594923161744,14.55551556774357],[121.0596399749759,14.55559940599846],[121.059822924505,14.55544507476731],[121.0598832578212,14.55550742391436],[121.0599145202724,14.55547279905418],[121.0601024488304,14.5555446057066],[121.0601535564002,14.55546234364276],[121.0602513935896,14.55557900350125],[121.0602746898105,14.55559653189063],[121.060247147696,14.55566251889525],[121.060425697932,14.55571109915555],[121.0606890346226,14.55565716248582],[121.0607781937745,14.5555966728263],[121.0608850114457,14.55563677531023],[121.0610023204946,14.55569703051809],[121.0609989127159,14.55579030711682],[121.0610107175432,14.55586270117509],[121.0610170480308,14.55593708509515],[121.0609547116279,14.55601618684806],[121.0609923533541,14.55623391074217],[121.0608332349246,14.556324787511],[121.0608593540415,14.55648430748399],[121.0609002747214,14.55647724693093],[121.0609980890613,14.5565076806739],[121.0610985384273,14.55667161001947],[121.0611073609293,14.5566969150772],[121.0611176902502,14.55680248022906],[121.0611249290701,14.55680537060828],[121.0610966977778,14.55706423612738],[121.0610534519441,14.55705249756793],[121.0610000774086,14.55732745787902],[121.0610142774388,14.55733595021936],[121.0610717439966,14.55743119936198],[121.0610354861278,14.55752267684984],[121.0603729493257,14.5579482835038],[121.0601059327399,14.55813047484122],[121.0600070855447,14.55805747040385],[121.0599407778375,14.55821014500085],[121.059569286627,14.55844514638152],[121.0592796370885,14.55831922544776],[121.0593255607257,14.558280710471],[121.059175660074,14.55814779441008],[121.059023750082,14.55813517909712],[121.0589715355912,14.55824627349061],[121.0589835122989,14.55826904709485],[121.05901674463,14.55831206122551],[121.0590347718463,14.55840542275438],[121.0590410864591,14.55842232286129],[121.0590732995851,14.55847103139594],[121.059015313456,14.55851352623602],[121.0589989837328,14.55852238792936],[121.0589273455398,14.55852330981513],[121.0588792976658,14.55860023820223],[121.0588563828703,14.55862211675508],[121.0588069223951,14.5586212253564],[121.0587430057252,14.55869580773368],[121.05872035997,14.55868243667134],[121.0586313454118,14.55859451592318],[121.0586618668887,14.5585627836923],[121.0586054353995,14.55851896187276],[121.0585950356744,14.5584940186526],[121.0585124658705,14.55856435761713],[121.0583780566918,14.55840965476812],[121.0583201770367,14.55850466217898],[121.0582267683447,14.55864487012978],[121.0581611835602,14.55872867187277],[121.0581463397775,14.55874232345855],[121.0579731433866,14.55894807909936],[121.0579431813186,14.55899047634487],[121.0579424459332,14.55901723001923],[121.057994982178,14.55906945862031],[121.0578103847341,14.55932619320954],[121.0578486435414,14.55942885931568],[121.0577331538075,14.55958895687049],[121.0573973028571,14.55986678773304],[121.0570548702751,14.56020591371926],[121.0568505921551,14.56040904091852],[121.0569486101569,14.56050527541293],[121.0569313553204,14.56052615817985],[121.056856023678,14.56060155626167],[121.0569699974599,14.56067690829999],[121.0570188216267,14.56072769188165],[121.0571042723387,14.56066874105899],[121.0571813796783,14.56064233027131],[121.0572525461175,14.56060859985601],[121.0573492268794,14.56055642495102],[121.0573637097132,14.56058172875499],[121.0573749469528,14.56061589092792],[121.0574127322841,14.56068177116331],[121.0575017445087,14.56075929826708],[121.0574703033724,14.56082492434565],[121.0574459978464,14.56085294917079],[121.0576380356546,14.56101107289955],[121.057681118686,14.56110822444144],[121.0576070506584,14.56140397718561],[121.057596017232,14.56144031402967],[121.0575966333113,14.5616688031152],[121.0574831687937,14.5617710546468],[121.0571763626155,14.56169954617773],[121.056999103195,14.56163451338358],[121.056862575678,14.56154542857302],[121.0566945936459,14.56147045111717],[121.0563548771878,14.56115961428422],[121.056070032626,14.56132689202296],[121.0554997017176,14.5616977807373],[121.0552312678945,14.56181263118477],[121.0551271866605,14.561962872947],[121.0552049841075,14.56209662203445],[121.0551911729618,14.56215962252267],[121.055218930591,14.56220462690533],[121.0552794411204,14.56223109495069],[121.0553251069086,14.56226895479963],[121.055087615429,14.56255118781123],[121.0547794570819,14.56264218587048],[121.0548139301639,14.56282502340475],[121.0547551976699,14.5628592924659],[121.0545831908906,14.56340000611895],[121.0555538240917,14.56326682365441],[121.0557033055309,14.56431225273592],[121.055345061339,14.56451335041475],[121.0543367403402,14.56462186611197],[121.0542072764262,14.56458068132851],[121.0540747046057,14.56359074278565],[121.0539546436651,14.56290846627728],[121.0539877486533,14.56242915548454],[121.0540420874851,14.56150054386139],[121.0540126483523,14.5614083595853],[121.0539979624833,14.56131002582832],[121.053841159004,14.56140722412965],[121.0534947720891,14.56150979837282],[121.052769851582,14.56155569701179],[121.0528046781275,14.56089164224242],[121.053706526117,14.56070524713044],[121.0537055696742,14.56058756814624],[121.0528220766892,14.56030315190304],[121.052375311036,14.56012284703776],[121.0522489246299,14.56013363092235],[121.0519481298069,14.55995808291534],[121.0516857325123,14.56009227002252],[121.0515683165299,14.55997036869661],[121.0516555333483,14.55991919244138],[121.0515195439415,14.55973592484468],[121.0514168306191,14.55978909289108],[121.0509448751659,14.55901207943059],[121.0507194095188,14.55913866521145],[121.0506563782735,14.55903943786091],[121.0508817499828,14.55890815222191],[121.0502703077103,14.55804918984281],[121.0505534777444,14.55786257742345],[121.0504589760628,14.5577054210196],[121.0517629084371,14.55717440466083],[121.0517237468808,14.55676786858999],[121.0511212517157,14.55687185155755],[121.0510996406187,14.55637257172367],[121.0499598793989,14.55669377583346],[121.0490943183584,14.55599981410593],[121.0491829160852,14.55590335635747],[121.0482638444615,14.55490372586413],[121.0467667654113,14.5547760468044],[121.0450679533672,14.55556334891862],[121.0427576781418,14.55574030130045],[121.042208718904,14.55581695574308],[121.0418018773907,14.55566220188939],[121.0429062695575,14.55409105912283],[121.0434638550013,14.5505300780399],[121.0462574612332,14.54236407685049],[121.0460345551165,14.54209771247773],[121.0455989165501,14.54177218754964],[121.0452037613222,14.54126904845042],[121.0440793043041,14.54087458374891],[121.0437652483735,14.54066743615671],[121.0431067880604,14.54045048479032],[121.0424179951596,14.54051967935184],[121.0418811630303,14.5406875145246],[121.0414974833498,14.54055684538046],[121.0411024107117,14.54043851132418],[121.0406617313954,14.54018698034562],[121.040486957265,14.53996500365535],[121.0402970174526,14.53989843431499],[121.0400311186978,14.53989847990168],[121.0397956123459,14.53992072072231],[121.0396588577988,14.5398837427521],[121.0395600703867,14.53974315504151],[121.0395220493517,14.53954335518461],[121.0394992133577,14.53929175113026],[121.0394763340493,14.53879593939179],[121.0393853188612,14.53830060160844],[121.0392783992586,14.53781359169732],[121.0393424778884,14.53769286463613],[121.0393296387508,14.5375846383745],[121.0392227783681,14.53743063892271],[121.0390860202444,14.53736405967168],[121.0389620799826,14.53728499031458],[121.0386628764549,14.53687710197467],[121.0386585814267,14.53675222373089],[121.0386136995074,14.53674007485231],[121.0385708372064,14.53672230566251],[121.038530732664,14.53669922216855],[121.0384940765278,14.53667122189597],[121.038461500059,14.53663878704313],[121.0384335642618,14.53660247617693],[121.038410750221,14.53656291461347],[121.0383934508187,14.53652078364951],[121.0383819639676,14.53647680882956],[121.0383764874809,14.53643174745078],[121.0383551116143,14.53637763673591],[121.0377824483883,14.53614045975005],[121.0376927097785,14.53614463683433],[121.0374533817935,14.53600730835167],[121.0373508226369,14.53600732472161],[121.0371414553622,14.53615305012288],[121.0370851364479,14.53616459536157],[121.0370280294973,14.53617155803424],[121.0369705267826,14.53617389031377],[121.0364662383004,14.53593669930498],[121.0359705291269,14.53589514960142],[121.0352311961326,14.53556225134442],[121.0348508146265,14.53518767130751],[121.0343849244811,14.534525881546],[121.0339319292914,14.53433862909897],[121.033778061355,14.53413884495011],[121.0337516939294,14.53410201183879],[121.0337196240892,14.53406975544515],[121.0336826757271,14.53404290445236],[121.0336417980661,14.53402214867539],[121.033598041274,14.5340080213402],[121.0335525294838,14.53400088538474],[121.033506431915,14.53400092413526],[121.0334609328361,14.53400813659609],[121.0334172011395,14.53402233747572],[121.033376360314,14.53404316194683],[121.0324106743901,14.5345303255355],[121.031688483447,14.53447214744271],[121.0313167758791,14.53494673754649],[121.0301800426605,14.53464301450525],[121.0300646175971,14.53429753081064],[121.02979969465,14.53444325680056],[121.0294791790968,14.53428927991827],[121.0295090676508,14.53410612030384],[121.028816736094,14.53361917837709],[121.0286030525799,14.53345686185587],[121.0285002484251,14.53338462466428],[121.0283933537213,14.5333182600994],[121.0282827215795,14.53325798738446],[121.028168717455,14.53320400561928],[121.0280517179412,14.5331564931225],[121.0279321095255,14.53311560684274],[121.0273252849757,14.53292003460358],[121.0265389110896,14.53210008612654],[121.025419339356,14.53221260133386],[121.0253056298467,14.53221188735638],[121.0251920734246,14.53220609741337],[121.0250789087567,14.53219524367415],[121.0249663736862,14.53217934895033],[121.0248423669321,14.53143425063992],[121.0241843046836,14.53154671058268],[121.0242056290716,14.53116374603684],[121.0232313477444,14.53125542257676],[121.0230838826788,14.53087571239351],[121.0224989290566,14.53087576926957],[121.0224305391973,14.53069076984931],[121.0224740097529,14.53059731150764],[121.023812504242,14.52803654293681],[121.0243626648113,14.52699485354207],[121.0245472581608,14.52666144787791],[121.0247307336254,14.52634811421362],[121.0247984309381,14.52626343096576],[121.0252313432905,14.52572189456176],[121.0256679147677,14.5251390752599],[121.0259230453752,14.52467177757196],[121.0264877351203,14.5252132789453],[121.0266148931139,14.5253266589825],[121.0268537366,14.5255396225462],[121.0269700868016,14.52564161195384],[121.0272040495407,14.52584669683711],[121.0273844551078,14.52597270272392],[121.0277297778545,14.52621908943955],[121.0280528428233,14.52644959433912],[121.028086381483,14.52647352391668],[121.0281779300576,14.52653146158238],[121.0285242991495,14.52675211901767],[121.0288496884834,14.52696135046843],[121.0292070531755,14.52708860852285],[121.0295484136417,14.52724644618806],[121.0298068952886,14.52735340448832],[121.0301938358893,14.52751428285599],[121.0305246562425,14.52764327973237],[121.0307100197966,14.52772032775701],[121.030892517596,14.52781278176266],[121.0312346046888,14.52799069878513],[121.0315500718632,14.52815477028292],[121.0316130556407,14.52818752747056],[121.0318407492606,14.52825086697656],[121.0320174853308,14.5284063705963],[121.0322449656475,14.52860757044485],[121.0325750581566,14.52894347489474],[121.0326646000015,14.52911673142474],[121.0327348463248,14.52925657783504],[121.0328275126882,14.52949873773309],[121.0328480607778,14.52955243484541],[121.0328530043469,14.52956529384024],[121.0329687196648,14.52986741412982],[121.0330720633509,14.53013939642283],[121.0331370310039,14.53024494340886],[121.0332107604117,14.53036472466985],[121.0334127006012,14.53056801229083],[121.0337724030141,14.53093011343046],[121.0340610701291,14.53122070430135],[121.0343561152982,14.53151771457017],[121.034391123616,14.53154991474937],[121.0347606329304,14.53188978354695],[121.0351884049868,14.53228323944897],[121.0355914720981,14.53265397024967],[121.0359450736796,14.53297920232298],[121.0361856593842,14.53318975605823],[121.0368193769897,14.53371092045567],[121.0368565059812,14.53373955574709],[121.0370230492649,14.53386800010212],[121.0371930771327,14.53399913162068],[121.037216567005,14.53401609837341],[121.0375359136214,14.53423480880481],[121.0377084974589,14.5343274281313],[121.0378726146007,14.53440354082441],[121.038034470393,14.5344748113881],[121.038085078483,14.53449709580437],[121.0381320532422,14.53450968880733],[121.038296959457,14.53455389681275],[121.038761710257,14.53466276583343],[121.03882331548,14.53467662581854],[121.0392227731134,14.53473064108836],[121.0392282345694,14.53473135001448],[121.0406024798952,14.53470292649582],[121.0415272872187,14.5346334736519],[121.042271015944,14.53458404826648],[121.0426096712921,14.53456148354343],[121.0434627803491,14.53450463840244],[121.0439629623986,14.53447796402173],[121.045148140775,14.53441456449654],[121.0454379337937,14.53453675141517],[121.0455688206807,14.53461114532588],[121.0463379807818,14.53525343767298],[121.0464569717932,14.53565168475206],[121.0515457747035,14.53565051874245],[121.0515489725703,14.5364606071839],[121.0515559811846,14.53806050520988],[121.0532959837893,14.53877145101766],[121.0531232228729,14.53957690363982],[121.053825092621,14.53974179258604],[121.0537390932664,14.5398517860431],[121.053645094582,14.54007877208854],[121.0535120996655,14.54096371641892],[121.0535046204848,14.54101459518684],[121.053287108282,14.54246362206412],[121.0534182875771,14.54305694661046],[121.0535724479519,14.54344940719137]]]}},{"type":"Feature","properties":{"name":"CALZADA"},"geometry":{"type":"Polygon","coordinates":[[[121.075681318156,14.53700895289274],[121.0753413154293,14.53656498318502],[121.0751973154548,14.53656798383807],[121.0749813144027,14.536395996067],[121.0747773136588,14.5362740050388],[121.0745803133909,14.5362290090619],[121.0745394858111,14.53617163418425],[121.0744247577295,14.53597535978232],[121.0735224937057,14.53408689309309],[121.0734539936142,14.53396212491394],[121.073315887613,14.53371057389113],[121.0731576885258,14.53344002779609],[121.0731633371094,14.53343646715474],[121.0731548266368,14.53342011349364],[121.0736906857415,14.53310210724426],[121.0738119023821,14.53293617192962],[121.0738568905589,14.53287580906299],[121.0739861758306,14.5327530759663],[121.074302148797,14.53245311563077],[121.0744211461973,14.53203814138401],[121.074534394454,14.53190577376778],[121.0747406256361,14.53166472465435],[121.0751806867453,14.53113224181213],[121.0756071370694,14.53061622506404],[121.0753871355798,14.53036524235371],[121.0753861349618,14.53026524873368],[121.0755791340354,14.53012425658912],[121.0753444144755,14.53002440482475],[121.0759140877278,14.52969723060495],[121.0764721648331,14.52937671399454],[121.0765600631812,14.52962611004167],[121.076671166016,14.52957670012371],[121.0773631640385,14.52924671726004],[121.0784080154099,14.52884864824629],[121.0785030149662,14.52877565235608],[121.0785300435789,14.52869115173741],[121.0786411586425,14.5283437676223],[121.079058158388,14.52830276788601],[121.0797521571404,14.52809577717109],[121.0797687849164,14.52836156645147],[121.0810941576331,14.52818476393441],[121.0810281545645,14.52766779726541],[121.081710239847,14.5274199142537],[121.0823443410707,14.52718946730301],[121.0826534680628,14.52707712265795],[121.0828432862017,14.52699653988265],[121.0834691489328,14.52673084324556],[121.0844765786485,14.52638077976188],[121.084756479164,14.52628351846494],[121.0849053976521,14.5262317713179],[121.0854931445819,14.52600787793462],[121.0868099091983,14.52546241168609],[121.0889401360007,14.52457994955664],[121.0884975736566,14.52418621651032],[121.0939555596384,14.52184933438339],[121.0939692235633,14.52184781232475],[121.0944912210402,14.52144383502882],[121.0961112251009,14.52211678262638],[121.0962242254832,14.5221797779473],[121.0970732334149,14.5234726905265],[121.0984952403745,14.52461360944248],[121.092258265842,14.52868038667537],[121.0923272664803,14.52878437964053],[121.0912762706885,14.5294563429562],[121.0908572671549,14.52888038213357],[121.0884836711547,14.530155971276],[121.0881239147802,14.53034930380183],[121.0890582859414,14.53190619976358],[121.0880532895907,14.53248816855194],[121.088345292268,14.53292413904661],[121.0885802947939,14.53333511146926],[121.0881372961832,14.53355609997767],[121.0879792947524,14.5333231157568],[121.0850638504301,14.53408808035474],[121.0848283000173,14.53414808163572],[121.084386533433,14.53426067165431],[121.0841613011026,14.53431807470882],[121.084137864761,14.53432444860867],[121.0834513849775,14.53451114691333],[121.0831943027771,14.5345810636124],[121.0828933031201,14.53463406199832],[121.0829393438266,14.53518632075728],[121.0822273434003,14.53512932845864],[121.0822063443191,14.53528231882578],[121.0816763439078,14.53522432555107],[121.0816443446326,14.53534531802092],[121.0814917598476,14.53530573192903],[121.0813707438709,14.53528750899715],[121.0813699816623,14.53528734794989],[121.081369951678,14.53528738970629],[121.081368794243,14.53528721541603],[121.0812889070318,14.53539868270391],[121.0812033642398,14.53550609400656],[121.081112382491,14.53560917730997],[121.0810161921839,14.53570767155969],[121.0809150369092,14.53580132732256],[121.0808091728314,14.53588990741813],[121.0806988680415,14.53597318751951],[121.0805844018777,14.53605095672147],[121.0804103107721,14.53585199891592],[121.0800393104023,14.53578900510651],[121.0798763868673,14.53573235881565],[121.0796453095753,14.53565201614829],[121.0796853088505,14.53553502337142],[121.0797543088346,14.53553302309448],[121.0797963077328,14.53535503419402],[121.0793913075988,14.53533003816158],[121.0791502502721,14.53536500113669],[121.0788170191296,14.53541333258382],[121.078684490932,14.53543567368878],[121.0785533423963,14.53546473082456],[121.0784239319407,14.53550042457983],[121.0782966132368,14.53554265740615],[121.0781717342384,14.53559131388408],[121.0780496362347,14.53564626103882],[121.077930652912,14.53570734870311],[121.0775955949392,14.53592570413964],[121.075681318156,14.53700895289274]]]}},{"type":"Feature","properties":{"name":"PALINGON"},"geometry":{"type":"Polygon","coordinates":[[[121.0792871316124,14.53962071664669],[121.0789921306338,14.53977788740298],[121.078896806031,14.53963111832856],[121.078789592575,14.53951702306297],[121.0783986126575,14.5391009455327],[121.0783446660085,14.53906593903072],[121.0770398083915,14.53969312505512],[121.0769358096054,14.53987511405726],[121.0760448107571,14.53990811707762],[121.0759708144176,14.54049907984926],[121.0751458143591,14.54034409446821],[121.0750079175548,14.54085903752528],[121.0748614909281,14.54140583049027],[121.0746779624085,14.54209116710473],[121.0745058295274,14.54273394588209],[121.0743569128623,14.54310399759729],[121.0735471387711,14.54286556751724],[121.0734283828638,14.54282908888221],[121.0733117197386,14.54278668425896],[121.0731974608269,14.54273846684522],[121.0730859111416,14.54268456535639],[121.072977368463,14.54262512368096],[121.0728721225435,14.54256030049734],[121.0727704543341,14.54249026884954],[121.0726726352347,14.54241521568558],[121.072578926369,14.54233534135831],[121.0724895778881,14.54225085909032],[121.072404828302,14.54216199440527],[121.0721724826407,14.54192162968059],[121.0718846044391,14.54122641611867],[121.0717353575499,14.54093588785255],[121.0716118196443,14.54059409886092],[121.0714541589441,14.54029774869035],[121.0713742133401,14.54016545809623],[121.071390101464,14.53987747361977],[121.0714619440719,14.5396595211766],[121.0715976661702,14.53930923422019],[121.0719012286912,14.53909899393789],[121.0720825591938,14.53901856627836],[121.0724015584551,14.53890457168815],[121.0727595528135,14.53799162779287],[121.073089937002,14.53762350587496],[121.0733944752503,14.53728418062103],[121.0744233279858,14.53598186549437],[121.0745380560695,14.5361781398969],[121.0745788836501,14.53623551477463],[121.0747758839235,14.53628051075277],[121.0749798846726,14.53640250178209],[121.0751958857299,14.53657448955435],[121.0753398857087,14.53657148890223],[121.0756798884425,14.53701545861178],[121.0775941652886,14.53593220987063],[121.0779292232726,14.53571385443618],[121.0781703046067,14.53559781961863],[121.078369987733,14.53552434991291],[121.0786830613164,14.53544217942645],[121.0791488206706,14.53537150687724],[121.0793898780046,14.53533654390356],[121.0797948781503,14.53536153993845],[121.0797528792497,14.53553952883846],[121.0796838792635,14.53554152911501],[121.0796438799865,14.53565852189159],[121.0798749572848,14.53573886456031],[121.0800378808242,14.53579551085205],[121.0804088812045,14.5358585046637],[121.0805829723139,14.53605746247017],[121.080697576631,14.53597972811725],[121.0808080228438,14.53589647810821],[121.0809140314688,14.53580792311091],[121.0810153342524,14.53571428721703],[121.0811116748505,14.53561580737563],[121.0812028094768,14.535512732793],[121.0812885075197,14.53540532430238],[121.081368522142,14.53529389546003],[121.0813693143349,14.53529401475092],[121.0816429151043,14.53535182377625],[121.0816749143811,14.53523083130669],[121.0822049148075,14.53528882458447],[121.0822259138904,14.53513583421765],[121.0829379143372,14.53519282652045],[121.0828918736329,14.53464056776145],[121.083192873299,14.53458756937732],[121.0834499555073,14.53451765267985],[121.0841364353121,14.53433095437939],[121.0843851039917,14.53426717742651],[121.0849481934123,14.53412455672543],[121.0850624210098,14.53409458613106],[121.0860398686542,14.53384560000522],[121.0879778654223,14.53332962155082],[121.0881358668562,14.53356260577257],[121.0885788654813,14.53334161726684],[121.0883438629511,14.53293064484307],[121.088051860268,14.53249467434688],[121.0883088593552,14.53234768221334],[121.0890568566518,14.53191270556472],[121.0881224854729,14.53035580959829],[121.0884822418592,14.53016247707466],[121.0908558379368,14.52888688794694],[121.0912748414792,14.52946284877177],[121.0923258373059,14.52879088546269],[121.0922568366662,14.52868689249717],[121.0984952403745,14.52461360944248],[121.0992878294909,14.52517553235113],[121.0980757772021,14.52619734535857],[121.0934515152998,14.53009565605086],[121.0928078007913,14.5306124880533],[121.0925642379516,14.53084044374826],[121.0922988751151,14.53110011702126],[121.0920640915662,14.53139441566168],[121.0917992068175,14.53172644461022],[121.0914735511151,14.53211414203362],[121.0903978867096,14.53312784624068],[121.089605808348,14.53387429038393],[121.0892676136888,14.53419299819803],[121.0891738524052,14.5343080066498],[121.0890746192719,14.53441857288153],[121.0889701357798,14.53452445009612],[121.0888606351402,14.53462540196227],[121.0887463617641,14.53472120314218],[121.0886275707172,14.5348116397947],[121.08850452715,14.53489651005261],[121.0883775057063,14.53497562447298],[121.0882467899102,14.53504880646069],[121.0881126715329,14.53511589266217],[121.0863514295606,14.53546708207859],[121.086282995192,14.53545177235626],[121.0862134685348,14.53544221217122],[121.0861433576982,14.53543847139057],[121.0860641780865,14.53544581662232],[121.0859859848823,14.535460002932],[121.0859363752972,14.53547379353003],[121.0859043008078,14.53548787046113],[121.0858711557674,14.53549935560173],[121.0858090310463,14.53553140837956],[121.0857488279026,14.53557110942061],[121.0856967388256,14.53561351872348],[121.0856477977387,14.53566267951784],[121.0856043908951,14.53571654726458],[121.0855669923712,14.53577453364204],[121.0855360106241,14.53583600534597],[121.0855117840299,14.5359002910062],[121.0854945771889,14.53596668851877],[121.085484578034,14.53603447271455],[121.0854818957793,14.53610290327908],[121.0854865597262,14.53617123283697],[121.0854985189435,14.53623871511566],[121.0855176428229,14.53630461309565],[121.0855437225057,14.53636820706027],[121.0855764731631,14.53642880245569],[121.0856155371073,14.5364857374773],[121.0856604876979,14.53653839029741],[121.0859341933916,14.53722060293647],[121.086135968213,14.53772352462848],[121.0862577888929,14.53802716022994],[121.0863335574015,14.53821601126036],[121.0863497782149,14.53827704525194],[121.086359108514,14.53833943278356],[121.0863614382418,14.53840243799129],[121.0863567399131,14.53846531772479],[121.0863450689391,14.53852733031341],[121.0863265629739,14.53858774431366],[121.0863014402912,14.53864584713721],[121.0862699972106,14.53870095345472],[121.0862326046014,14.53875241328168],[121.0861897035094,14.53879961964286],[121.086141799955,14.53884201573313],[121.0860894589639,14.53887910148433],[121.086033297903,14.53891043946438],[121.0859739791985,14.53893566003645],[121.0857084089689,14.53899745031102],[121.0835237538962,14.53950642296233],[121.0829349846398,14.53964358830761],[121.0819655348544,14.5397477059223],[121.0813548404938,14.53980580674194],[121.0811005132013,14.539930200087],[121.0811535141714,14.54010218882725],[121.0812875987913,14.54066150573276],[121.080833519148,14.5408721415878],[121.0807475183651,14.54072515144226],[121.0807104074524,14.54062236784651],[121.0806921279535,14.54058528164224],[121.0806156953887,14.54060472970992],[121.0806316955633,14.54063472770956],[121.0803006963382,14.54076772106021],[121.0802343910431,14.54061503781833],[121.0801546827975,14.54052693044449],[121.0798066809146,14.54019995322159],[121.0796338486457,14.53999332186516],[121.0794041322908,14.53973470872398],[121.0792871316124,14.53962071664669]]]}},{"type":"Feature","properties":{"name":"UPPER BICUTAN"},"geometry":{"type":"Polygon","coordinates":[[[121.0513715040212,14.50335272181301],[121.04953221661,14.50190064486964],[121.0468370115309,14.50026147135596],[121.0468198915169,14.50025381301056],[121.0466851434276,14.50004698521455],[121.0469104447934,14.49888670941315],[121.047098656636,14.49714331391418],[121.0472745756469,14.49712350190859],[121.0475208857194,14.49559902104492],[121.0471118947896,14.49555222538921],[121.0474507583,14.49304110069679],[121.0477963435126,14.4930724347973],[121.0481992410088,14.49311569901199],[121.0492541501669,14.49334601058429],[121.0511797477463,14.49373473194455],[121.0504504422428,14.49694164857192],[121.0524766892888,14.49739747809864],[121.0524584297547,14.49747345605837],[121.0521241128042,14.49857806686108],[121.0519891067872,14.4990288042857],[121.0518399317581,14.49952521515963],[121.0517475090741,14.49987543460431],[121.0517004126358,14.50003978173322],[121.0532136568795,14.50046081347836],[121.0539726576871,14.50065879640682],[121.0538075688725,14.50087363955281],[121.0538052854273,14.5009160984831],[121.0538016556336,14.50098359170859],[121.0537985873257,14.50104064450752],[121.0538042360652,14.50111301174708],[121.053813661322,14.50123376067062],[121.053735533898,14.50145377136352],[121.0535822148239,14.50167354703966],[121.0533927973438,14.50184938269541],[121.0531596659799,14.50193072005466],[121.0530229332107,14.50199010050806],[121.0530085766461,14.50199646212289],[121.0529118046561,14.50203934324922],[121.0528207179868,14.5020797050727],[121.0527036237871,14.50213159113635],[121.0526260111985,14.50216598230522],[121.0524578315111,14.50220482855008],[121.0522831973528,14.50224516551078],[121.0521027756192,14.50231552261516],[121.0519746706497,14.50258268541952],[121.0519576712576,14.50267967933378],[121.0517456738787,14.50308565468667],[121.0513715040212,14.50335272181301]]]}},{"type":"Feature","properties":{"name":"SOUTH SIGNAL"},"geometry":{"type":"Polygon","coordinates":[[[121.0563541898433,14.508547377856],[121.0559661907788,14.50867737183319],[121.0557586284031,14.50874628252234],[121.0554915854456,14.50883494042608],[121.0552723110103,14.50838407225728],[121.0550281864037,14.50791342602737],[121.0548381844389,14.50758344817917],[121.054174254812,14.50779562671103],[121.0541341237305,14.50768875995946],[121.0541184296413,14.50765411728094],[121.0540811230432,14.50757176772692],[121.054017122441,14.50746777472931],[121.0539701220073,14.50739277978397],[121.0539411217902,14.50735478237511],[121.0539021216824,14.50733378394032],[121.0538361215888,14.5073127856622],[121.053675239413,14.50731459226155],[121.0536809376703,14.50694828894767],[121.0536891127236,14.50584987979804],[121.0530001129268,14.50582388545272],[121.0529242522684,14.50726675718438],[121.0528124534476,14.50725978113028],[121.0528072547936,14.50725945674193],[121.0525970646077,14.5072463410858],[121.0524582971953,14.50723768203493],[121.0524169995107,14.50723510505402],[121.0522325186098,14.50722397895462],[121.0521594922151,14.50721983630971],[121.051653646694,14.50705619423154],[121.051656249663,14.50705130314161],[121.0525086762687,14.50524391547312],[121.0529184415013,14.50475799397768],[121.0513717361987,14.50335290539524],[121.0517456738787,14.50308565468667],[121.0519576712576,14.50267967933378],[121.0519746706497,14.50258268541952],[121.0521027756192,14.50231552261516],[121.0522831973528,14.50224516551078],[121.0524578315111,14.50220482855004],[121.0526260111985,14.50216598230518],[121.0527036237871,14.50213159113635],[121.0528207179868,14.5020797050727],[121.0529118046561,14.50203934324922],[121.0530085766461,14.50199646212285],[121.0531596659799,14.50193072005466],[121.0533927973438,14.50184938269541],[121.0535822148239,14.50167354703966],[121.053735533898,14.50145377136348],[121.053813661322,14.50123376067062],[121.0538042360652,14.50111301174704],[121.0537985873257,14.50104064450752],[121.0538016556336,14.50098359170859],[121.0538052854273,14.50091609848306],[121.0538075688725,14.50087363955281],[121.0539726576871,14.50065879640682],[121.0544528473838,14.50078460390807],[121.054549249538,14.50080986069517],[121.0547455101403,14.50086127965754],[121.0548427026796,14.50088786416849],[121.0548722616827,14.50089448761205],[121.0550101857133,14.50093062258566],[121.0551464390835,14.50096631976855],[121.0552689870091,14.50099842616821],[121.0553871578436,14.50102938574192],[121.0555742615389,14.50107840489445],[121.0557087881258,14.50111364930532],[121.0557509426601,14.50112469328785],[121.0558768884299,14.50115768951776],[121.0561127123199,14.50121947224425],[121.0562305117969,14.50125033404057],[121.0562665175715,14.5012594121002],[121.0564539834686,14.50130667737789],[121.0565697661676,14.50133601143823],[121.0565698860542,14.50133589950325],[121.0566696598172,14.50124274336944],[121.0566936054545,14.50116005000752],[121.0567203717804,14.50106761566282],[121.0567436358758,14.50098727579259],[121.0568446070863,14.50063858266454],[121.0568681857684,14.50055715607846],[121.0569386539377,14.50031380103702],[121.057220653444,14.50025880289294],[121.0571906507086,14.49981283151088],[121.0571993204414,14.49977161213069],[121.0572080862102,14.49972993614099],[121.057215729278,14.49969359791037],[121.0572285166081,14.4996328017527],[121.0573511265787,14.49966172877904],[121.057473602612,14.49969062413438],[121.0575535919797,14.49970949571612],[121.0576255001326,14.49972646070218],[121.0576375636536,14.49973974003009],[121.057680619306,14.49978713497478],[121.0577246014913,14.49983554980225],[121.0577810098981,14.49989764315591],[121.057829570204,14.49995109742308],[121.0579022479868,14.5000310996857],[121.0581910440606,14.50040605235581],[121.058536655636,14.50073076508555],[121.0588434469683,14.50085653647282],[121.0593460040624,14.50102689688423],[121.0594758759514,14.50135598868333],[121.0596911462332,14.50164979824561],[121.059859147171,14.50181178693331],[121.0601667237455,14.50208455625012],[121.0599201505329,14.50236175150152],[121.0601001514479,14.50252074031059],[121.0602401521248,14.50263873196788],[121.0603751527542,14.50274872416459],[121.0599151565513,14.50333968916101],[121.0598111577136,14.50352267809801],[121.0597871615734,14.50414863831735],[121.0598731615618,14.50415163762383],[121.0599141655835,14.50480759555105],[121.0599361674895,14.50511857559017],[121.0599761687183,14.50532056247514],[121.0600731725548,14.50594952179805],[121.0601741746485,14.50629549914442],[121.0602151770463,14.50668747390803],[121.0602601791352,14.5070294518368],[121.0602831812441,14.5073734297667],[121.0601261846717,14.50792139573994],[121.0593501857743,14.50805639166422],[121.0586791866739,14.50816438869694],[121.0584321870188,14.50820638746156],[121.058107595714,14.50823038153629],[121.058039905159,14.50823538522443],[121.0579664990475,14.50824081138443],[121.0579067175392,14.50824523040031],[121.0577400978207,14.50825754675588],[121.0575614430414,14.50827093878333],[121.057279187914,14.5082863890952],[121.0572210574307,14.50829645383216],[121.0572202866937,14.50829658727786],[121.0569961883145,14.50833538762383],[121.0568251886327,14.50837738594462],[121.0563541898433,14.508547377856]]]}},{"type":"Feature","properties":{"name":"WAWA"},"geometry":{"type":"Polygon","coordinates":[[[121.0736786530237,14.52432485384733],[121.0736284135625,14.52441515197994],[121.0735846718861,14.5245086039222],[121.0735476353862,14.5246047666103],[121.0732669058492,14.5245286647516],[121.0732161902736,14.52453876894289],[121.0731396204484,14.52454929905978],[121.072834119516,14.52446013917699],[121.0728641188735,14.52435514569848],[121.0727941186618,14.52431714852247],[121.0728097620156,14.52426360233007],[121.0724191171683,14.5240541674396],[121.0723239414694,14.52401414810931],[121.072029116277,14.52389018013155],[121.0719771156496,14.52378418718721],[121.0718992716205,14.52371683211772],[121.0717667945282,14.52360220526835],[121.0715956007319,14.5234540781973],[121.0713936420818,14.52327933112401],[121.0713311124363,14.52322522652865],[121.0711203597838,14.52298334199604],[121.0708981095432,14.52272826069604],[121.0707031078221,14.5224352804935],[121.0705032341435,14.52228114725737],[121.0703208040996,14.52214046539908],[121.0702671840203,14.52209911594031],[121.0703515407807,14.5220486765532],[121.0709425480845,14.52169529441565],[121.0710274217243,14.52164454554159],[121.071405726895,14.52141834318714],[121.0719901839629,14.52123505672017],[121.072137853819,14.52114180864387],[121.0729031572977,14.52085525978371],[121.0734130152915,14.52071126787344],[121.0738854500877,14.52068016676275],[121.0738435837238,14.52014480495387],[121.0743378703124,14.52010030732552],[121.0743513546656,14.5198574752695],[121.0743626855565,14.51965342329586],[121.0743646739161,14.51961761595017],[121.0743340051888,14.51945402869204],[121.0742937080583,14.51923908306762],[121.0742863240623,14.51919969665257],[121.0742446868524,14.51901744707694],[121.0740302856509,14.51807899001751],[121.0753179133211,14.51761398439778],[121.075313000991,14.51758244466939],[121.0759115117838,14.51738140092143],[121.07618924983,14.51728810622606],[121.0765175223971,14.51717783600782],[121.0768265712039,14.51701103950673],[121.0773127706074,14.51674863185752],[121.0771816797102,14.51640451405974],[121.0779935540585,14.5160304575921],[121.0786426743953,14.51557855776019],[121.0795616690493,14.51474960498261],[121.0807986625059,14.51373466211574],[121.0807952558207,14.51372645777737],[121.0808035389202,14.51371958765146],[121.0782587907287,14.50750835046316],[121.0798230782652,14.50702235522359],[121.0808150255426,14.50671416902982],[121.0811311467771,14.50662780460217],[121.0815559628276,14.50654367451731],[121.0817447106202,14.50651851487015],[121.0819343104129,14.50650043045554],[121.0821244828859,14.50648944791558],[121.0823149478763,14.50648558342957],[121.0825054247899,14.50648884269071],[121.0826956330155,14.50649922089729],[121.0828852923373,14.50651670276001],[121.083074123348,14.50654126252427],[121.0832618478604,14.50657286400846],[121.0834481893172,14.5066114606569],[121.0836328731982,14.50665699560862],[121.0838156274245,14.50670940178099],[121.0839961827597,14.50676860196858],[121.0841742732061,14.50683450895697],[121.0843496363968,14.50690702565101],[121.0845220139817,14.50698604521815],[121.0846911520086,14.50707145124536],[121.084856801297,14.50716311791101],[121.0850187178052,14.50726091017002],[121.0851766629896,14.50736468395271],[121.0853304041565,14.50747428637725],[121.0854797148046,14.50758955597459],[121.0856243749587,14.50771032292643],[121.0857641714938,14.50783640931532],[121.085898898449,14.50796762938693],[121.0860283573314,14.5081037898233],[121.0861523574077,14.50824469002784],[121.0862707159858,14.50839012242101],[121.0863832586839,14.50853987274555],[121.0864898196874,14.50869372038274],[121.0865902419933,14.50885143867673],[121.0866843776411,14.50901279526901],[121.0867720879316,14.50917755244048],[121.0868532436308,14.50934546746145],[121.0869277251603,14.50951629294928],[121.0869954227739,14.50968977723322],[121.087056236719,14.50986566472459],[121.087110077384,14.51004369629364],[121.0871568654301,14.51022360965121],[121.0871965319083,14.51040513973505],[121.0849976833601,14.51224266524568],[121.0840561173828,14.51517300781272],[121.0836873157181,14.51599037664746],[121.0830693591172,14.51735992853715],[121.0813195370146,14.51980949883052],[121.0811155596682,14.5201937638249],[121.0807931058591,14.52080121894623],[121.0805806205747,14.52120150762747],[121.0803227484965,14.52168729565404],[121.0797602880414,14.5227468690678],[121.0796518359521,14.52283569906924],[121.0795390953687,14.52291930876409],[121.0794223308186,14.52299750197239],[121.0793018162718,14.52307009522304],[121.0791778344982,14.52313691818453],[121.079050676404,14.52319781406439],[121.0789206403488,14.52325263997728],[121.078788031446,14.5233012672803],[121.0786531608465,14.52334358187469],[121.0785163450084,14.52337948447386],[121.0783779049548,14.52340889083605],[121.0782381655203,14.52343173196232],[121.0780974545886,14.52344795425835],[121.0779561023231,14.52345751966014],[121.0778144403926,14.52346040572337],[121.0776728011921,14.52345660567621],[121.0775315170636,14.52344612843493],[121.0773909195158,14.52342899858324],[121.077251338446,14.52340525631456],[121.0771131013667,14.52337495733752],[121.0769765326359,14.52333817274531],[121.0748176245282,14.52359715983468],[121.0747172767597,14.52361248645246],[121.074618185004,14.52363422641641],[121.0745207806912,14.52366228507424],[121.0744724574535,14.52367965598223],[121.0744254879045,14.52369654026317],[121.0743826507567,14.52371515097414],[121.0743747594997,14.52371826989414],[121.0743672657568,14.52372183502489],[121.0743327215346,14.52373684284144],[121.0742954164396,14.5237560171523],[121.0742800208145,14.52376334157701],[121.0742677263684,14.52377024946587],[121.0742428854732,14.52378301733807],[121.0742110783278,14.52380207832538],[121.0741886905599,14.52381465734408],[121.0741737032997,14.52382447595385],[121.0741563708546,14.5238348627163],[121.0741299498878,14.52385314013388],[121.0741012017389,14.52387197390506],[121.0740851630284,14.52388412264036],[121.0740735543527,14.52389215324918],[121.0740523343328,14.5239089891666],[121.0740179691433,14.52393501951939],[121.0740021366855,14.52394881585251],[121.0739947965412,14.52395463950227],[121.073978525265,14.52396939073406],[121.0739393873869,14.52400349528449],[121.0739246954342,14.52401819182012],[121.073920440324,14.5240220494194],[121.0739088084635,14.52403408374321],[121.0738658290347,14.52407707655301],[121.07385293396,14.52409189148225],[121.0738508094417,14.52409408950717],[121.0738434664488,14.52410276854102],[121.0737976428363,14.52415541447164],[121.0737869591163,14.52416955722509],[121.0737862070622,14.52417044611293],[121.0737827908402,14.52417507504992],[121.0737351520727,14.5242381376352],[121.0737269131029,14.52425078595035],[121.0736786530237,14.52432485384733]]]}},{"type":"Feature","properties":{"name":"STA. ANA"},"geometry":{"type":"Polygon","coordinates":[[[121.073869134303,14.53008926885158],[121.0738571319941,14.52971529276128],[121.0736951317308,14.52966529689867],[121.0739421282918,14.52912033018923],[121.0733191267679,14.52884535137303],[121.0732021284081,14.52910533548623],[121.0730241279144,14.52901734213966],[121.0730744588683,14.52890756526915],[121.0731650052253,14.52871007426048],[121.0732753138461,14.52846947917926],[121.0733162822424,14.52838012251172],[121.0733920004155,14.52821497247511],[121.0734804761772,14.52804392665177],[121.0735129036739,14.52797475669133],[121.0735646941717,14.5278811118833],[121.0736018500647,14.52780928002168],[121.073614976003,14.52779019487878],[121.0736217136418,14.52777801222273],[121.0736403398163,14.52775331582768],[121.0737017123052,14.52766408000539],[121.0738011811385,14.52753802696754],[121.0737645688353,14.52753803848965],[121.0736811178756,14.52742343989332],[121.0734261327478,14.52699318198849],[121.0733065884074,14.526919684847],[121.0735289664829,14.52605403998744],[121.0735678517537,14.52587946318239],[121.0735476353862,14.5246047666103],[121.0735846718861,14.5245086039222],[121.0736284135625,14.52441515197994],[121.0736786530237,14.52432485384733],[121.0737351520727,14.5242381376352],[121.0737827908402,14.52417507504992],[121.0737869591163,14.52416955722509],[121.0738434664488,14.52410276854102],[121.0738658290347,14.52407707655301],[121.073920440324,14.5240220494194],[121.0739393873869,14.52400349528449],[121.0739947965413,14.52395463950227],[121.0740179691433,14.52393501951939],[121.0740523343328,14.5239089891666],[121.0741012017389,14.52387197390506],[121.0741563708546,14.5238348627163],[121.0741886905599,14.52381465734408],[121.0742110783278,14.52380207832534],[121.0742800208145,14.52376334157701],[121.0743327215346,14.52373684284144],[121.0744254879045,14.52369654026317],[121.0745207806912,14.52366228507424],[121.0746181850041,14.52363422641641],[121.0747172767597,14.52361248645246],[121.0748176245282,14.52359715983472],[121.0769765326359,14.52333817274531],[121.0771131013667,14.52337495733752],[121.077251338446,14.52340525631456],[121.0773909195158,14.52342899858324],[121.0775315170636,14.52344612843493],[121.0776728011922,14.52345660567621],[121.0778144403926,14.52346040572337],[121.0779561023231,14.52345751966014],[121.0780974545886,14.52344795425835],[121.0782381655203,14.52343173196232],[121.0783779049548,14.52340889083605],[121.0785163450084,14.52337948447386],[121.0786531608465,14.52334358187469],[121.078788031446,14.5233012672803],[121.0789321997952,14.52324776627763],[121.079050676404,14.52319781406439],[121.0791778344982,14.52313691818453],[121.0793018162718,14.52307009522304],[121.0794223308186,14.52299750197239],[121.0795390953687,14.52291930876409],[121.0796518359521,14.52283569906924],[121.0797602880414,14.5227468690678],[121.0803227484965,14.52168729565404],[121.0805806205747,14.52120150762747],[121.0807931058591,14.52080121894623],[121.0811155596682,14.5201937638249],[121.0813195370146,14.51980949883056],[121.0830693591172,14.51735992853715],[121.0836873157181,14.51599037664746],[121.0840561173828,14.51517300781272],[121.0849976833601,14.51224266524568],[121.0871965319083,14.51040513973505],[121.0873236551872,14.51030790277345],[121.088580261735,14.50960772947427],[121.0893640569855,14.51126879604824],[121.0897950610652,14.51195874961564],[121.090648070287,14.51351764538691],[121.0913160794268,14.51506154315886],[121.0920070869468,14.51633245821345],[121.0914070882593,14.5165504476902],[121.0921330956485,14.51779936395273],[121.0924770947118,14.51764337196344],[121.0926600974359,14.51810334159886],[121.0926661000412,14.5185423135706],[121.0929691026607,14.51898528361464],[121.0935001095765,14.52015320614353],[121.094599106383,14.51962123387713],[121.0951491111373,14.52042517951032],[121.0938451149789,14.52106514604564],[121.0939491196119,14.52184609565946],[121.088491133657,14.5241829773987],[121.0889401360007,14.52457994955664],[121.0854931445819,14.52600787793462],[121.0849053976521,14.5262317713179],[121.0834691489328,14.52673084324556],[121.0826534680628,14.52707712265795],[121.081710239847,14.5274199142537],[121.0813841537828,14.5275378035469],[121.0810281545645,14.52766779726541],[121.0810941576331,14.52818476393441],[121.0797687849164,14.52836156645147],[121.0797521571404,14.52809577717109],[121.079058158388,14.52830276788601],[121.0786411586425,14.5283437676223],[121.0785300435789,14.52869115173741],[121.0785030149662,14.52877565235608],[121.0784080154099,14.52884864824629],[121.0781128808713,14.52896453974569],[121.0773631640385,14.52924671726004],[121.077154513131,14.52934621385117],[121.076671166016,14.52957670012371],[121.0765600631812,14.52962611004167],[121.0764721648331,14.52937671399454],[121.0759092018875,14.52970003664627],[121.0753444144755,14.53002440482475],[121.0750221301129,14.5294643019264],[121.073869134303,14.53008926885158]]]}},{"type":"Feature","properties":{"name":"TUKTUKAN"},"geometry":{"type":"Polygon","coordinates":[[[121.0736882307934,14.53310210801613],[121.0734501031973,14.53277433387258],[121.073588228753,14.53265807591632],[121.0735874886483,14.53265675941241],[121.0735882281114,14.53265613701824],[121.0734937984326,14.53248816461705],[121.0736602260795,14.53221910348379],[121.0736597968425,14.53221785748957],[121.0736602254373,14.53221716458567],[121.0736521074739,14.53219553669591],[121.0734642226701,14.53165014087832],[121.0733664462828,14.53143447483146],[121.0733622206871,14.53142321690795],[121.0733002215081,14.53145315437785],[121.0731242188691,14.53111523790793],[121.0724185397972,14.53140555578275],[121.071990085364,14.5315818214427],[121.0718800279186,14.53134539664108],[121.0722156306364,14.53060297133441],[121.0722147777929,14.5306028739286],[121.072215630007,14.53060103243601],[121.0721302165228,14.53059321591997],[121.0719302167308,14.53062121528476],[121.0709941010262,14.53124336142425],[121.0709863438617,14.53125081422126],[121.0709630119889,14.53126637737023],[121.0705298194886,14.53168942463022],[121.0704072236048,14.53180720941798],[121.0700253171056,14.53154298611214],[121.070238221246,14.5313131809022],[121.0702370230453,14.53131253466286],[121.0702382206338,14.53131124200372],[121.0699758111151,14.53117165199861],[121.0694892189415,14.53090921095823],[121.0694741926353,14.53090481232417],[121.0694710064689,14.53090311741376],[121.0691855076835,14.53081515920324],[121.0689409321018,14.5307398085305],[121.0686900919996,14.53066311209266],[121.0685531298424,14.53061757906943],[121.0680256863154,14.53045482787974],[121.0678467439549,14.5304258290604],[121.0677422372188,14.53000268551104],[121.0677122755455,14.5293935694586],[121.0677566666629,14.52842135798787],[121.0678147672334,14.52822154990152],[121.068101364416,14.52724550979362],[121.0681172996696,14.52719318108909],[121.0681842732203,14.52710723490604],[121.0684156689065,14.52681698908039],[121.0684940809903,14.52676860347383],[121.0685757820007,14.52672569142835],[121.0686446255834,14.52669539321353],[121.0687013019218,14.52667573325971],[121.0687791071166,14.52665581589883],[121.068858368784,14.52664241390683],[121.0689385130763,14.5266356243129],[121.0690189597556,14.52663549627316],[121.0690991263949,14.52664203071459],[121.0691784325945,14.52665518032835],[121.0692563041843,14.52667484991223],[121.0693129751503,14.52669430496804],[121.0693594390121,14.52671340234172],[121.0694387567991,14.52675376306225],[121.0695144093293,14.52680032488225],[121.0696049994568,14.52686442803787],[121.0696924285162,14.52693256925586],[121.0697765069895,14.52700460083052],[121.0698570526212,14.5270803666228],[121.0699338908131,14.52715970239915],[121.0700233982752,14.5272429526759],[121.0700258684373,14.52724502737404],[121.0700281091139,14.52724710598348],[121.0700599086324,14.52727361785162],[121.0701171247163,14.52732167381023],[121.0701217537995,14.52732517932212],[121.0701269556909,14.52732951623423],[121.0701695325616,14.527361361208],[121.0702148289157,14.52739566319685],[121.0702211418916,14.52739996190292],[121.0702301520333,14.52740670094792],[121.0702802797577,14.52744023074015],[121.0703162594148,14.52746473040828],[121.0703235957909,14.52746920426257],[121.0703374073739,14.52747844264471],[121.0703939906413,14.5275121322889],[121.0704211551634,14.5275286976854],[121.070428642141,14.5275327637596],[121.070448419507,14.52754453918103],[121.0705109304275,14.52757745336733],[121.0705292461923,14.52758740039441],[121.0705357645445,14.52759052939127],[121.0705628756414,14.52760480431927],[121.070630982282,14.52763623661764],[121.0706402543079,14.5276406874511],[121.0706443938577,14.52764242626987],[121.0706804532806,14.52765906825262],[121.0707538938078,14.52768842170944],[121.0708008211322,14.52770717808362],[121.0708194991691,14.52771353801096],[121.070854638003,14.52772699052267],[121.0709574421701,14.52776000050078],[121.0710223546214,14.5277769812756],[121.0710485639449,14.52778441093022],[121.0710518915758,14.52778470798935],[121.0710619833695,14.52778734794908],[121.0711679332043,14.52780894696066],[121.0712749588522,14.52782472968603],[121.0713827241115,14.52783464654664],[121.0714908904568,14.52783866639054],[121.0715991181027,14.52783677659006],[121.0717070670711,14.52782898308175],[121.0718143982596,14.5278153103476],[121.0723444142515,14.52777175888784],[121.0724379952788,14.52774694855369],[121.0725294814381,14.52771558855402],[121.0726183903588,14.52767784423802],[121.0727042532597,14.527633914617],[121.0727866174209,14.52758403131488],[121.0728650485707,14.52752845734681],[121.0729391331759,14.52746748573229],[121.0730084806214,14.52740143795045],[121.0730727252704,14.52733066224451],[121.0731315283923,14.5272555317859],[121.073184579948,14.52717644270649],[121.0732316002251,14.52709381200989],[121.0732723413125,14.52700807537258],[121.0733065884074,14.526919684847],[121.0734261327478,14.52699318198849],[121.0736811178756,14.52742343989332],[121.0737645688353,14.52753803848965],[121.0738011811385,14.52753802696754],[121.0737017123052,14.52766408000539],[121.0736403398163,14.52775331582768],[121.0736217136418,14.52777801222273],[121.073614976003,14.52779019487878],[121.0736018500647,14.52780928002168],[121.0735646941717,14.5278811118833],[121.0735129036739,14.52797475669133],[121.0734804761772,14.52804392665177],[121.0733920004155,14.52821497247511],[121.0730241279144,14.52901734213966],[121.0732021284081,14.52910533548623],[121.0733191267679,14.52884535137303],[121.0739421282918,14.52912033018923],[121.0736951317308,14.52966529689867],[121.0738571319941,14.52971529276128],[121.073869134303,14.53008926885158],[121.0743711324795,14.5298172832443],[121.0750221301129,14.5294643019264],[121.0753444144755,14.53002440482475],[121.0755791340354,14.53012425658912],[121.0753861349618,14.53026524873368],[121.0753871355798,14.53036524235371],[121.0754045211024,14.53038507618229],[121.0756071370694,14.53061622506404],[121.0751806867453,14.53113224181213],[121.0747406256361,14.53166472465435],[121.0744211461973,14.53203814138401],[121.074302148797,14.53245311563077],[121.0739861758306,14.5327530759663],[121.0738568905589,14.53287580906299],[121.0738119023821,14.53293617192962],[121.0736882307934,14.53310210801613]]]}},{"type":"Feature","properties":{"name":"USUSAN"},"geometry":{"type":"Polygon","coordinates":[[[121.0719262672921,14.53899608361339],[121.0721562635622,14.53838812103811],[121.0705442638928,14.53839113011733],[121.0705582650659,14.53858511767335],[121.0705902650658,14.53858611742563],[121.070620269018,14.53923907563833],[121.0704432689431,14.53922107780347],[121.0702659156984,14.53965065148729],[121.0694662715263,14.53961605824994],[121.069235457891,14.5389542705666],[121.0692186458874,14.53868182906488],[121.0687866484401,14.53883782262755],[121.0687673584211,14.5384135889102],[121.0683432648934,14.53848613672072],[121.0684682622692,14.5380571633415],[121.0682662624051,14.53807316348347],[121.0675264794041,14.53820846373411],[121.0668149030205,14.53806248852032],[121.066438261441,14.53785618782467],[121.0662087678879,14.53768507589165],[121.066460999816,14.53749628358386],[121.0665582091483,14.53739086874496],[121.0669811183548,14.5370356311704],[121.067097371014,14.5366972018018],[121.0671014752779,14.53646148025547],[121.0670586532184,14.53630431546969],[121.0668660439301,14.53604804267514],[121.0668130311726,14.53594267053905],[121.0664978287421,14.53560960630549],[121.0664306207209,14.5355067688461],[121.0662653375026,14.53540323605185],[121.0654537766465,14.53522513731625],[121.0650207426241,14.53522173290837],[121.0647305197906,14.53526393200939],[121.0643058412631,14.53527715455349],[121.063892681414,14.53533646882006],[121.0635475153343,14.53533168196271],[121.0628736403617,14.5354423124871],[121.0619808403115,14.53540404691942],[121.0615923067072,14.53526830281834],[121.0613846098646,14.53511850131206],[121.0611964848911,14.53494591784151],[121.0611179649914,14.53452502190204],[121.0611005458628,14.53427692345166],[121.0611207456349,14.53417677314981],[121.0611110386923,14.5339685318522],[121.0611366176114,14.5338597033173],[121.0611331092347,14.53358575151358],[121.061205063454,14.53341382310599],[121.0614392958661,14.53255837129372],[121.0613187453338,14.53247588262043],[121.060823061153,14.5323786686205],[121.0607508945184,14.53211250757358],[121.0606532520571,14.53199232264369],[121.0602363054926,14.53166659915259],[121.0597383601935,14.53152211083596],[121.059666833864,14.53121581893532],[121.0597231947063,14.53102166054223],[121.0596254244675,14.53076707473911],[121.0595991930759,14.53086623225611],[121.059636987906,14.53098408290027],[121.0589621283238,14.53118843025443],[121.0593329320927,14.53237037375379],[121.0589991255088,14.53249771815853],[121.0590848423532,14.53278475494367],[121.0586570513897,14.53294167797711],[121.0588288845756,14.53362412159109],[121.058399872669,14.53373178538781],[121.05845077766,14.53395438753361],[121.0582125189522,14.53401102697714],[121.0586229863403,14.53570854434354],[121.0581511741661,14.53608836339223],[121.0582089942052,14.53614194650797],[121.0581396151769,14.53623876456191],[121.0580221877789,14.53639371114779],[121.0579925998447,14.53643592761031],[121.0579404713048,14.53650336666605],[121.0580277985708,14.53656073863715],[121.0580871006233,14.53660410806759],[121.0581529907626,14.53664825446617],[121.0583248688582,14.53678930053052],[121.0584109924337,14.53685553024803],[121.0584680758993,14.53688727424586],[121.0586571056964,14.53701671308735],[121.058706390417,14.53707300971906],[121.0587631860092,14.53711077582135],[121.0588972970148,14.53723854453935],[121.0589874913339,14.53725867738962],[121.0589199871308,14.53742753091003],[121.058919663985,14.53760865969192],[121.0588525370668,14.53780128397548],[121.0588112714427,14.53789466057601],[121.0587407807632,14.53799934244511],[121.058641606013,14.53805585702552],[121.0585506806711,14.53807965064684],[121.0585138508932,14.53810550955141],[121.0582691439884,14.53839657785327],[121.0579195526448,14.53883658920931],[121.0577839488897,14.53903600885782],[121.0575678434075,14.53938358689377],[121.0573780798651,14.5396955471462],[121.0571241274939,14.54008968156099],[121.0570122794195,14.54024314904431],[121.0569359333002,14.54037497790674],[121.056868039467,14.54048137585259],[121.0567997715975,14.54057674707411],[121.0566638943729,14.5408034619537],[121.056460952392,14.5411155150051],[121.0563988978754,14.54119859244427],[121.0562364394447,14.54125602506161],[121.0561572986857,14.54128767829305],[121.0560735239637,14.54134111504443],[121.0559828818779,14.54139075729774],[121.0559062513555,14.54144238461048],[121.055853644985,14.54146173924106],[121.0559113113562,14.54163878687114],[121.055829019203,14.5416848117287],[121.055900873819,14.54182805252652],[121.0559168745829,14.54199128140538],[121.055980374379,14.54211879743088],[121.05527801194,14.54232268876241],[121.0547828361553,14.54248441088799],[121.0547201147035,14.54250087535538],[121.0546956208209,14.54251091365041],[121.0545876208564,14.54253814429347],[121.0545692319228,14.54247027053158],[121.0544357149958,14.54249777819872],[121.0544218054011,14.54253366370065],[121.0543514732461,14.54254217608505],[121.0543293857639,14.54252726792335],[121.0543097727378,14.54238609336406],[121.0542512304534,14.54241756040664],[121.0541465728276,14.54245274382501],[121.0541545553631,14.54246367838935],[121.0540729081051,14.54249343344061],[121.0540650243424,14.54250708317679],[121.0540037868211,14.54252092598697],[121.0540044522469,14.54258636352468],[121.0538691581183,14.5425558450389],[121.0538421867565,14.54268094207495],[121.0538333941934,14.54277349685135],[121.0537824521095,14.54277043551329],[121.0537842408742,14.5428769069239],[121.0537037928839,14.5428785522869],[121.0537019489122,14.54292745020973],[121.0536854589509,14.54303736038482],[121.0536678365537,14.54306881789797],[121.0536332726598,14.54326179468816],[121.0535998888115,14.54334631094583],[121.0535724477213,14.54344845063034],[121.0534163969508,14.54304684260051],[121.0535409563971,14.54256331367485],[121.0537099550372,14.54226033211545],[121.053981926988,14.54193775591442],[121.0544529253291,14.54149278180038],[121.0548329246358,14.54124979528827],[121.0554304168359,14.54087245205341],[121.0554604993386,14.5408542759366],[121.0561291909875,14.54045024469893],[121.0566129212664,14.54008985985613],[121.0569543201123,14.53965348761854],[121.0572519438338,14.53907551681133],[121.0573996586054,14.53845904232683],[121.0574914998788,14.53670775293352],[121.0576779073714,14.53226494889266],[121.0576608771922,14.53183338081611],[121.0572179839825,14.53018627226632],[121.0558742618998,14.52673999826506],[121.0591087157468,14.52666788452293],[121.0598352570679,14.52665157583461],[121.0606231019798,14.52466674759136],[121.0607118439071,14.52470075246952],[121.0607741912556,14.52459275635311],[121.0608564037473,14.52461959162507],[121.0608644997966,14.52462717813929],[121.0618285100855,14.52243694280035],[121.0620290452681,14.52241531214525],[121.0620547434179,14.52240251095798],[121.0620821692956,14.52250719124633],[121.0627741695572,14.52257218312741],[121.0631031716618,14.52293015841546],[121.0631856338658,14.52320027060816],[121.0632771750793,14.52350012107953],[121.0633811769121,14.52380610097531],[121.0634576750302,14.5241132432239],[121.0635111800477,14.52432806695267],[121.0639511740389,14.52461800410783],[121.064080728947,14.52465708306051],[121.0645186727623,14.52482404575598],[121.0649074297704,14.52497724372936],[121.0652753113663,14.52519172450966],[121.0656897819553,14.52545924477168],[121.0681168283505,14.52719224683406],[121.068101364233,14.52724491194233],[121.0680396776308,14.52744748017244],[121.0678147670511,14.52822095205031],[121.0677566658903,14.52841882123762],[121.0677122291455,14.52939203200048],[121.0677122753635,14.52939297160747],[121.0677122297357,14.52939397089932],[121.0677422376272,14.53000402655863],[121.0678467437726,14.53042523120935],[121.0680256861325,14.53045423002862],[121.068690091815,14.53066251424161],[121.0692764475406,14.53084632871765],[121.0694741924487,14.53090421447304],[121.069975810927,14.53117105414756],[121.0702370228564,14.53131193681181],[121.0700242218876,14.53154163065919],[121.0700253169174,14.53154238826106],[121.070024222498,14.5315435695576],[121.0704072240293,14.53180855046529],[121.0705298192989,14.53168882677921],[121.0709863436709,14.53125021637021],[121.0719302165374,14.53062061743367],[121.0721302163289,14.53059261806892],[121.0722147775988,14.53060227607756],[121.0718739302433,14.53133878771791],[121.0719900851705,14.53158122359169],[121.07312421931,14.5311165789552],[121.0733002213111,14.53145255652684],[121.0733622211295,14.53142455795518],[121.0733664460856,14.53143387698042],[121.0736521072759,14.5321949388449],[121.0736597966445,14.5322172596386],[121.073493226909,14.53248655048518],[121.073493798235,14.53248756676604],[121.0734932275497,14.53248848938322],[121.0735874884505,14.53265616156148],[121.0734492286507,14.53277253250896],[121.0734501029999,14.53277373602169],[121.0734492292911,14.53277447140696],[121.0736882305953,14.5331015101652],[121.0731523714886,14.53341951640902],[121.073160881961,14.53343587007016],[121.0731552333772,14.5334394307115],[121.0733134324612,14.53370997680823],[121.0735200385491,14.53408629601239],[121.073969474676,14.53502698435297],[121.0744233277856,14.53598126764348],[121.073394475053,14.53728358277034],[121.0730899368054,14.53762290802427],[121.0727595526178,14.53799102994218],[121.0725986119132,14.53840145593865],[121.0724015582604,14.5389039738375],[121.0720825589999,14.53901796842771],[121.0719262672921,14.53899608361339]]]}},{"type":"Feature","properties":{"name":"KATUPARAN"},"geometry":{"type":"Polygon","coordinates":[[[121.0591568467673,14.52486754526297],[121.0591560077556,14.52483356943226],[121.059106140993,14.52244679482327],[121.0578325724701,14.52247203744738],[121.0578319714525,14.52240067600363],[121.0578276164268,14.52240067700435],[121.0578308773484,14.5219005109375],[121.0578372503665,14.52180023533868],[121.0578442863662,14.52158592102071],[121.0577533868217,14.52154932437407],[121.0576364391195,14.52149316898102],[121.0575406995359,14.52140222980499],[121.0574935232459,14.52134497946896],[121.0574046297013,14.52124665576314],[121.0573705274867,14.5211794530601],[121.0572937320079,14.52105216020164],[121.0572287585953,14.52090560657073],[121.0571841043071,14.52078130651536],[121.0571694441958,14.5206541506367],[121.0571870542757,14.52053080550887],[121.0572220174519,14.52037494645388],[121.0572974278335,14.52004628542461],[121.0573426670589,14.51983160612348],[121.0574097773983,14.51953808985195],[121.0574762787924,14.5195439104681],[121.0575584972782,14.51954345948165],[121.0579211974183,14.51952654949436],[121.0582413023066,14.51950935253318],[121.0586560917494,14.51946628120652],[121.0588549989165,14.51942349490158],[121.0591886838828,14.51939481467103],[121.0596545376392,14.51941283143419],[121.0598354157103,14.51942397868895],[121.0603711508669,14.51937653161888],[121.0605556969558,14.51936826311256],[121.0605560689522,14.51933859200695],[121.060545841892,14.5193397719335],[121.0599981887136,14.5145404464898],[121.0602650882764,14.51446995994132],[121.0607724121696,14.51394281050946],[121.0613781356237,14.51331383756185],[121.0614088058109,14.51334406962559],[121.0618338183447,14.51346253998103],[121.0617988722154,14.51385389399634],[121.0630393135971,14.51412946216751],[121.0614403694081,14.51543036139485],[121.0616521090592,14.51746070770888],[121.0624761509128,14.51738331049712],[121.0625850995553,14.51737739485447],[121.0626690292054,14.51737281814477],[121.0626883031704,14.51740424012104],[121.0626958392254,14.51745712574272],[121.0626883134471,14.51749355459621],[121.062602393685,14.51751689994343],[121.061739874635,14.5177512461408],[121.0620073258905,14.52117482749481],[121.0620562554217,14.52240091020405],[121.0620305572723,14.52241371139152],[121.0618300220911,14.52243534204794],[121.060866011824,14.52462557739323],[121.0608579157747,14.52461799087918],[121.0607757032835,14.52459115560769],[121.0607133559361,14.5246991517245],[121.060378076929,14.52457226988734],[121.0602722478519,14.5248190091546],[121.0600111693104,14.52482869658466],[121.0592438752908,14.52486358771496],[121.0591568467673,14.52486754526297]]]}},{"type":"Feature","properties":{"name":"SAN MIGUEL"},"geometry":{"type":"Polygon","coordinates":[[[121.0712721739071,14.52146048306952],[121.0710361004116,14.52099925356417],[121.0698679555571,14.52137070707464],[121.0694589628368,14.51993852959715],[121.0662520019179,14.52046142083062],[121.0661722094442,14.52045954496576],[121.0661738465288,14.52082780445243],[121.0620082838855,14.52117992676849],[121.061739874635,14.51775124614084],[121.062602393685,14.51751689994343],[121.0626883134471,14.51749355459621],[121.0626958392254,14.5174571257428],[121.0626883031704,14.51740424012104],[121.0626690292054,14.51737281814482],[121.0626742331002,14.51733832438029],[121.0626591169639,14.51730174426963],[121.062640275816,14.51712302568518],[121.0626440428255,14.51705919776003],[121.0626930241053,14.51700631012788],[121.0629021393249,14.51690418360908],[121.0630871974171,14.51687610636655],[121.0632340802819,14.51684482433602],[121.0633574620044,14.51679932321783],[121.0634103393072,14.5167452926578],[121.0634514655391,14.51668557446313],[121.0635014048162,14.51659173244586],[121.0635807212757,14.51653770188083],[121.0637187900888,14.51650926267033],[121.0638627349397,14.5164950425508],[121.0640331189497,14.51649219569997],[121.0642123160114,14.516486505029],[121.0643768249831,14.51646659726867],[121.0645736471389,14.51640971986285],[121.064682339776,14.5163727502026],[121.0647293410416,14.51630734437013],[121.0647410900962,14.51623340908903],[121.064716539942,14.51619063382502],[121.0647567550728,14.51617807128305],[121.0700177730427,14.5145345675523],[121.070182486075,14.51480468627122],[121.0703253549209,14.51479817565921],[121.0708503462182,14.51569256844412],[121.0708999255097,14.51568008423182],[121.0716110046278,14.5152000657455],[121.0716017875704,14.51518688058933],[121.0716336847547,14.51516358607066],[121.0719497455817,14.51493276074872],[121.0717233841734,14.51461355517651],[121.0729120910493,14.51377447052694],[121.0730516568607,14.51369637448671],[121.0731854436364,14.51361056194044],[121.0737493581186,14.51427965810268],[121.0745520410701,14.51520415790931],[121.0764769817353,14.517189944935],[121.0753110371696,14.51758244529985],[121.0753159494994,14.51761398502824],[121.074028321825,14.51807899063722],[121.0742917442222,14.51923908368956],[121.0743627100767,14.5196176165728],[121.0743359064688,14.52010030794791],[121.0738416198797,14.52014480557209],[121.0738834862389,14.52068016738138],[121.0734110514424,14.52071126848811],[121.0729011934473,14.52085526039415],[121.072135889966,14.52114180924787],[121.0719882201091,14.52123505732293],[121.0712721739071,14.52146048306952]]]}},{"type":"Feature","properties":{"name":"BAMBANG"},"geometry":{"type":"Polygon","coordinates":[[[121.0716768101527,14.52783265555731],[121.071598279261,14.52784048608869],[121.0714900516133,14.52784237588881],[121.0714066527511,14.52783927649635],[121.0712741200051,14.52782843918358],[121.0710510527251,14.52778841748614],[121.0710215157703,14.52778069077231],[121.0709228011881,14.52775270775085],[121.0708186603148,14.52771724750687],[121.0707530549524,14.52769213120519],[121.0706435550008,14.5276461357653],[121.0706301434248,14.52763994611299],[121.0705349256859,14.52759423888634],[121.0705100915686,14.52758116286232],[121.0704278032808,14.5275364732543],[121.0703931517806,14.52751584178345],[121.0703227569292,14.52747291375688],[121.0702794408954,14.52744394023434],[121.0702203030285,14.52740367139688],[121.0701686936977,14.52736507070183],[121.070120914935,14.52732888881575],[121.0700590697671,14.52727732734509],[121.0700250295715,14.52724873686739],[121.0699330519461,14.52716341189226],[121.0698562137532,14.5270840761156],[121.0697756681204,14.52700831032304],[121.0696915896459,14.52693627874817],[121.0696041605853,14.52686813752982],[121.0695415706297,14.52681890523686],[121.0694749108933,14.52677503441432],[121.0694046639903,14.52673684268403],[121.0693313385043,14.52670460655122],[121.0693121362746,14.52669801445907],[121.0692761515239,14.52668322415541],[121.0691911276107,14.52665603785048],[121.0691041012744,14.52663573609461],[121.0690156588832,14.52662245567748],[121.0689263963461,14.52661628608025],[121.0688356910507,14.52663547666721],[121.0687465898374,14.52666081404656],[121.0686595310822,14.52669217355907],[121.0686437866966,14.52669910270225],[121.0686246776164,14.52670573127806],[121.0685514606542,14.52673820064941],[121.0684813422359,14.52677661578712],[121.0684148300154,14.52682069856818],[121.0681834343242,14.52711094439304],[121.0681164601784,14.52719495167657],[121.0681159979829,14.52719652574548],[121.0679823571799,14.52709117272126],[121.0657773480898,14.5255262851451],[121.0655133469795,14.52533529883657],[121.0652744726042,14.52519603183839],[121.0649065910019,14.52498155105694],[121.0645178339869,14.52482835308223],[121.0641406832406,14.52467972798416],[121.0640798901637,14.52466139038529],[121.0639503352532,14.52462231143217],[121.0635103412545,14.52433237427549],[121.0634568362368,14.52411755054668],[121.0633803381183,14.52381040829785],[121.0632763362847,14.52350442840187],[121.0631847950705,14.52320457793025],[121.0631023328659,14.5229344657374],[121.0627733307562,14.52257649044831],[121.0620813304814,14.5225114985648],[121.0620562554217,14.52240091020405],[121.0620082838855,14.52117992676849],[121.0661730076224,14.52083151393423],[121.066171370539,14.52046325444764],[121.0662511630141,14.52046513031275],[121.0694581239885,14.51994223909066],[121.0698671167103,14.52137441656919],[121.0710352615856,14.521002963063],[121.0712713350834,14.52146419256891],[121.0714029242182,14.52142205328493],[121.070264381316,14.52210282602439],[121.0703180013957,14.5221441754838],[121.0705004314409,14.52228485734421],[121.0707003051209,14.52243899058262],[121.0708953068415,14.52273197078743],[121.0711175570826,14.52298705209008],[121.0713283097356,14.52322893662508],[121.0713908393815,14.5232830412212],[121.0715927980329,14.52345778829681],[121.0717639918302,14.52360591536986],[121.0718964689233,14.52372054222083],[121.0719743129527,14.52378789729123],[121.0720263135797,14.52389389023609],[121.0723211387756,14.52401785821733],[121.0728069593268,14.52426731244377],[121.072791315972,14.52432085863593],[121.0728613161843,14.52435885581285],[121.0728313168251,14.52446384929096],[121.0731463173044,14.52455584162287],[121.073213387588,14.52454247906134],[121.0732636480162,14.52453556707987],[121.0735467965889,14.5246084761168],[121.073567012952,14.52588317268857],[121.0735281276799,14.52605774949339],[121.0733057495976,14.52692339435194],[121.0732307614133,14.52709752151447],[121.0731837411351,14.52718015221095],[121.0731306895782,14.52725924129008],[121.0730718864551,14.52733437174849],[121.0730076418047,14.52740514745419],[121.0729382943579,14.52747119523572],[121.0728642097513,14.52753216684995],[121.0727857785999,14.52758774081782],[121.0727034144371,14.52763762411959],[121.0726175515346,14.52768155374029],[121.0725286426123,14.527719298056],[121.0723435754224,14.52777546838915],[121.0718135594215,14.52781901984707],[121.0716768101527,14.52783265555731]]]}},{"type":"Feature","properties":{"name":"LOWER BICUTAN"},"geometry":{"type":"Polygon","coordinates":[[[121.0594082715426,14.49759302435383],[121.0591252350957,14.49765387050879],[121.0591136853266,14.49734680249581],[121.0591194251667,14.49720243292519],[121.0590974233351,14.4969144514273],[121.0590724214346,14.49661547064933],[121.0590644198975,14.49637448606908],[121.0590094180866,14.49608750470792],[121.0589784165403,14.49584352045868],[121.0589464150008,14.4956005361518],[121.0588854135442,14.49536855131938],[121.0588304121362,14.49514456594029],[121.058685412256,14.49515356624591],[121.058574410495,14.49487058496982],[121.0583672087379,14.49459331903105],[121.0582074582064,14.494181490272],[121.0581238277075,14.49384542196945],[121.0580763771188,14.49354238749322],[121.0579976337878,14.4933109459676],[121.0573629358016,14.49222632552442],[121.0571880153597,14.49203527991568],[121.0566467572958,14.491123074553],[121.056214784594,14.490147172233],[121.0555397229781,14.48878277962179],[121.0532799773537,14.48927023877092],[121.0528835979205,14.48925654406635],[121.0526245290749,14.48920204930864],[121.0525169209408,14.48788181098134],[121.0525081589427,14.48746405642063],[121.0525010896666,14.48712700621745],[121.0524767760228,14.48596776746853],[121.0525956698265,14.48408470581369],[121.0525992943798,14.48402729899075],[121.0527193348773,14.48384074791197],[121.0528328228643,14.48372115169324],[121.0529187079022,14.48364042212533],[121.05305532921,14.48361406248266],[121.0533047383272,14.48356473015404],[121.053801219949,14.48331062213301],[121.0539419517509,14.48349604650047],[121.0542067666864,14.48346373226794],[121.0545171846066,14.483786193725],[121.0548895970635,14.4838062653972],[121.0550591946801,14.48358448414352],[121.0550343466591,14.48349982498756],[121.055063298719,14.48344740655772],[121.0551667301409,14.48338690732841],[121.0553074181645,14.48339090593945],[121.0554687944598,14.48339086792067],[121.0555764017466,14.48348357081259],[121.0557378103273,14.48361254589345],[121.0558743939519,14.48374959009343],[121.055986139442,14.48384229181038],[121.0561093831473,14.48387492638322],[121.0562242149296,14.48389908894018],[121.056342043993,14.48388696573554],[121.05643804803,14.48385802810896],[121.056539269203,14.48375084968479],[121.0566614589132,14.48372530738551],[121.0568806675782,14.48375772670122],[121.057024863618,14.48379004113731],[121.0571909919466,14.48382671029478],[121.0573972978064,14.48389376588342],[121.0575152611856,14.48402678200302],[121.0577262985755,14.48405092026888],[121.0577878785589,14.48416379176184],[121.0578375716322,14.48431295114712],[121.0579369025069,14.48439759165272],[121.0580693175644,14.4844096539769],[121.0582968994939,14.48440556598656],[121.0585449579332,14.4844664272786],[121.0587509547193,14.48455238473847],[121.0589652397262,14.48468492806431],[121.0592411167732,14.48475474089435],[121.0595004424715,14.48482455758945],[121.0596990808436,14.48489976496985],[121.0598811793572,14.48501798081796],[121.0600467294132,14.48514695185621],[121.060277211174,14.48515460785241],[121.0604297637562,14.48513621790513],[121.0606094731386,14.4851145541222],[121.0607574965019,14.48503746632205],[121.060956083603,14.48492273645333],[121.0612871003608,14.4848724785622],[121.0616622939601,14.48496555669448],[121.0620301455773,14.48510880798783],[121.0622361542817,14.48523059939571],[121.0624160792221,14.48544362606297],[121.0624162242617,14.48596217839549],[121.0623024157202,14.48681411600631],[121.0625307481291,14.48766596272871],[121.0627245490311,14.48822844770366],[121.0630454373021,14.48868672499186],[121.065113217215,14.49630123695938],[121.0644939042439,14.49643855756483],[121.060253822519,14.49745645619221],[121.0599335802599,14.49750518565288],[121.0597472709982,14.49753002635413],[121.0596268748989,14.49755406766963],[121.0594082715426,14.49759302435383]]]}},{"type":"Feature","properties":{"name":"CEMBO"},"geometry":{"type":"Polygon","coordinates":[[[121.0500906893698,14.56847838782743],[121.0470838203998,14.56822611991958],[121.0471263007284,14.56768543807361],[121.0472555066057,14.56781981206702],[121.0471263007284,14.56768543807361],[121.047131306711,14.56766094317234],[121.0471950728137,14.56684811266384],[121.0472952440232,14.56660351501754],[121.0473531361986,14.5665351734716],[121.0474809001093,14.56643852773978],[121.0476212489987,14.56617602587801],[121.0476588174771,14.56610542880727],[121.04773366457,14.56591127004512],[121.0477548863027,14.56577541949227],[121.0477664552128,14.5656316171699],[121.0478207909065,14.56542535118745],[121.0478654697791,14.56519287598364],[121.0478542148978,14.56507122224935],[121.0480700099912,14.56481927950033],[121.0481707878004,14.56481275116366],[121.0482564177599,14.56470653303205],[121.0482470242403,14.56461054781072],[121.0482854180599,14.56449683758396],[121.0483264116511,14.56438981518382],[121.0484823720354,14.56423567922778],[121.0485056593909,14.56421271701833],[121.0487110655058,14.56398807160302],[121.0488853906101,14.56379416285596],[121.0490600867017,14.56360070581589],[121.0490647016832,14.56348799675249],[121.0491484844545,14.56342561462027],[121.0492487131544,14.56345668542895],[121.0494204691835,14.56339817114774],[121.0495948348966,14.56339081318997],[121.0496206304422,14.56338059439572],[121.049712213751,14.56334369852492],[121.0497856961846,14.56328339717133],[121.0498405234034,14.56321062686087],[121.0499887076783,14.56314877299748],[121.0500294361315,14.56310528987586],[121.0500101986892,14.56297975144773],[121.0501021713573,14.56261331745973],[121.0500018889345,14.56234264062199],[121.0500117811573,14.56217795994302],[121.0499620947272,14.56200118061624],[121.0498088565787,14.56186889198279],[121.0496953511993,14.56180519581797],[121.0496501220001,14.56164016531487],[121.049687876727,14.56157878696354],[121.0498906017095,14.56141469792843],[121.0501083592085,14.56124924974591],[121.0502419996477,14.56130525880063],[121.0502216061138,14.56140170227983],[121.0504257645509,14.56142271769999],[121.0505797682272,14.56124914830538],[121.0508953020338,14.56135302079962],[121.0512563232214,14.56152828579873],[121.0514029416973,14.56152373445987],[121.0515226815127,14.56165928323331],[121.0515431661717,14.56195754396371],[121.0516100019094,14.56205062413624],[121.0518698221211,14.56199724046479],[121.0523820520344,14.56194831929508],[121.0526428430037,14.56207660519047],[121.0528358510381,14.56203227381194],[121.0532692264913,14.56208098257128],[121.0535485252758,14.5619923430735],[121.0536125161509,14.56182963829153],[121.0537526074394,14.56169493487307],[121.0540420874851,14.56150054386135],[121.0539683077503,14.56147588622266],[121.0540420874851,14.56150054386135],[121.0540404239148,14.56152838233463],[121.0540164021559,14.56196186668857],[121.0539877486533,14.56242915548454],[121.0539546436651,14.56290846627728],[121.0540747046056,14.56359074278565],[121.0541751074819,14.56433213447765],[121.0542072764262,14.56458068132851],[121.0543367403402,14.56462186611197],[121.055345061339,14.56451335041475],[121.0555294395796,14.56520618569413],[121.0554845005323,14.56510831116249],[121.0555294395796,14.56520618569413],[121.055576161335,14.56538187987809],[121.0500906893698,14.56847838782743]]]}},{"type":"Feature","properties":{"name":"COMEMBO"},"geometry":{"type":"Polygon","coordinates":[[[121.0624996282133,14.54768414089871],[121.0626377580798,14.54788385152183],[121.0624996282133,14.54768414089871],[121.0625214879558,14.54754548677321],[121.0625360239051,14.54743078622823],[121.0625426890492,14.54737456590978],[121.0625489870966,14.54733280704941],[121.0625618455488,14.54719243803389],[121.062562678404,14.54718439367954],[121.0625790829114,14.54711506514851],[121.062604598535,14.54710818918187],[121.0625800543254,14.5469400824234],[121.0625768040929,14.54693104494139],[121.0625686024888,14.54680324485528],[121.0626364157352,14.54674303131057],[121.0626373013966,14.54659317521807],[121.062664120059,14.54660057949063],[121.0626704099549,14.54653007867085],[121.0626782743592,14.54644918332555],[121.0626819785728,14.54642288073288],[121.0627052272384,14.54627464555235],[121.0627207921556,14.54618986165089],[121.0627724896661,14.54590767047394],[121.0626622400326,14.54585672369887],[121.0623384143429,14.54524346758038],[121.0623360987935,14.54525847186088],[121.0623384143429,14.54524346758038],[121.0624073102503,14.54507497435073],[121.0626240777451,14.54477909122265],[121.0627900144502,14.54454947264498],[121.0629338665728,14.54431904643023],[121.0629336175365,14.54409498573623],[121.063012363902,14.5436540737115],[121.0630622522522,14.54353954435127],[121.0630610794016,14.54333030679111],[121.0633665683734,14.54276984643003],[121.0636989347804,14.54275267378928],[121.0640571279762,14.54284449615871],[121.0641695599879,14.54306653772556],[121.0642638253161,14.54335718531843],[121.0642986293964,14.5437055138875],[121.064293736716,14.5441132353172],[121.0643571199768,14.544460471405],[121.0644237888538,14.54461790116923],[121.0644319776795,14.544698249866],[121.0645331700088,14.54487419871609],[121.0649417679174,14.54533775320685],[121.0650785558916,14.54538878192026],[121.0651642215755,14.54545744956907],[121.0655890590851,14.54591711188796],[121.0656847891656,14.54613002860082],[121.0657231697565,14.54663987118373],[121.0657129974008,14.54707073218952],[121.0657019602314,14.54708754661753],[121.0656973707363,14.54725683619881],[121.0657243076385,14.54734965249206],[121.0657508530687,14.54737377743358],[121.0657883768035,14.54749560384782],[121.0658911758823,14.54776238702077],[121.0663616624623,14.54818750848125],[121.0664486143234,14.54820809125705],[121.0666534449745,14.54834017369951],[121.0668461933407,14.54840709291564],[121.0670835917902,14.54853085039698],[121.0672567244808,14.54878233796815],[121.0672716055762,14.54889594573199],[121.0673584779691,14.54895927957743],[121.0675803243516,14.54920171452987],[121.0675066570939,14.54953859500862],[121.0673519495433,14.54976857513097],[121.0673347992291,14.54982217746546],[121.0672363157759,14.55002674357379],[121.0669282119718,14.55022441012932],[121.0657248615749,14.55047637863681],[121.0656398727852,14.55050740401248],[121.0654877207666,14.55060153581867],[121.0653559662126,14.55063862986099],[121.0650939394286,14.55070522509947],[121.065102211986,14.55075303565619],[121.0649505202562,14.55083595943427],[121.0646944187913,14.55085772237968],[121.0645121190219,14.55098810565286],[121.0643635385222,14.55124167218539],[121.0643369449128,14.55137264514267],[121.0642816686748,14.55147054562399],[121.06426877535,14.55180813141315],[121.0643393512194,14.55199150007672],[121.0642897966376,14.55198102920955],[121.0641183051026,14.551947182445],[121.0642124229567,14.55203573244209],[121.0641183051026,14.551947182445],[121.0640070534206,14.55197252026077],[121.0636032792549,14.55218783334449],[121.063512515419,14.55214573929368],[121.0632818272125,14.55213088849801],[121.0636602872685,14.550036600832],[121.0637022649382,14.54951335943583],[121.0637143147446,14.54946744134698],[121.0637045633566,14.54943879243586],[121.0636878531352,14.54941213385391],[121.0636488674339,14.5493666815625],[121.0629007159024,14.54914824609803],[121.0628081129373,14.54916038234524],[121.0627598731682,14.54953150987806],[121.062461626999,14.54948802479512],[121.0624255808796,14.54966599949207],[121.0620415911668,14.54961015418361],[121.0620226989152,14.54974392674763],[121.0610178497277,14.54973623704204],[121.06105523123,14.54968615484509],[121.0610178497277,14.54973623704204],[121.0610022081117,14.54954498965903],[121.0610797246097,14.54933500860505],[121.0611859184175,14.5488053336179],[121.0611952429609,14.54863315062483],[121.0611714312007,14.5484259074919],[121.0611344990446,14.54842203064737],[121.0611319886452,14.54840377383651],[121.0611159959793,14.54828564678085],[121.0611160918792,14.54829694469298],[121.0611159959793,14.54828564678085],[121.0612352234399,14.54825018529918],[121.0613861820882,14.54820206175036],[121.0614860170235,14.54817022056427],[121.0615292335615,14.54808235645172],[121.0616602448671,14.54804508398685],[121.0618403662802,14.54809203590392],[121.0619189021288,14.54821475593821],[121.0620610451518,14.54816573045091],[121.0621945584477,14.54811652640271],[121.0623326192042,14.5480699421893],[121.0625565022452,14.54798853733509],[121.0626235597146,14.54787933614467],[121.0624996282133,14.54768414089871]]]}},{"type":"Feature","properties":{"name":"EAST REMBO"},"geometry":{"type":"Polygon","coordinates":[[[121.0609107576266,14.54834661873882],[121.0611159959793,14.54828564678085],[121.0611160918792,14.54829694469298],[121.0611159959793,14.54828564678085],[121.0611319886452,14.54840377383651],[121.0611344990446,14.54842203064737],[121.0611714312007,14.5484259074919],[121.0611952429609,14.54863315062483],[121.0611859184175,14.5488053336179],[121.0610797246097,14.54933500860505],[121.0610022081117,14.54954498965903],[121.0610178497277,14.54973623704204],[121.06105523123,14.54968615484509],[121.0610178497277,14.54973623704204],[121.0620226989152,14.54974392674763],[121.0620415911668,14.54961015418361],[121.0624255808796,14.54966599949207],[121.062461626999,14.54948802479512],[121.0627598731682,14.54953150987806],[121.0628081129373,14.54916038234524],[121.0629007159024,14.54914824609803],[121.0636488674339,14.5493666815625],[121.0636878531352,14.54941213385391],[121.0637045633566,14.54943879243586],[121.0637143147446,14.54946744134698],[121.0637022649382,14.54951335943583],[121.0636602872685,14.550036600832],[121.0632818272125,14.55213088849801],[121.063512515419,14.55214573929368],[121.0636032792549,14.55218783334449],[121.0640070534206,14.55197252026077],[121.0641183051026,14.551947182445],[121.0642124229567,14.55203573244209],[121.0641183051026,14.551947182445],[121.0642897966376,14.55198102920955],[121.0643393512194,14.55199150007672],[121.0645490099071,14.55276394979899],[121.0646320644227,14.5530977129864],[121.0646947789773,14.55336839410648],[121.0652109460999,14.55448096150265],[121.0653732638739,14.5548664919859],[121.0656195614415,14.55556662355179],[121.0657869882967,14.55596516748836],[121.0660616806778,14.55634325438012],[121.0664159941113,14.55672764519022],[121.0665058799887,14.55692854201395],[121.0665470555129,14.55715286196201],[121.066464854101,14.55720377118917],[121.0660689692804,14.55744873197942],[121.0663176201507,14.5579330263788],[121.0665232720728,14.5582986592981],[121.0663631799782,14.55854436686855],[121.0665232720728,14.5582986592981],[121.0663718871995,14.55849221317087],[121.0662045592336,14.55843522864002],[121.0659431885872,14.5582416107893],[121.0659376248145,14.55825498910236],[121.065883807075,14.55826783870594],[121.065743118101,14.55823217682685],[121.0655975125728,14.55820184886259],[121.0654932036147,14.5581797341437],[121.0654628514642,14.55815280837912],[121.0654052333304,14.55818002989888],[121.0652247180182,14.55808617191589],[121.0651173432343,14.55805158497194],[121.0650068005942,14.55797316290127],[121.0649145517733,14.55793920434498],[121.0645164206637,14.55780925271108],[121.0643343271663,14.55771078491633],[121.0641754587304,14.55770233249752],[121.0633963132531,14.55758323875945],[121.0633350947067,14.55767607911126],[121.0628199941765,14.55770270030075],[121.0628195302244,14.55770279080867],[121.0628199941765,14.55770270030075],[121.0628153494888,14.55768534793037],[121.0627232993509,14.55769612824885],[121.0625889398862,14.5577262619037],[121.0625286187764,14.5577120878323],[121.0623357118209,14.55776555590203],[121.0621572797971,14.5578151334812],[121.0619609395264,14.55786968675521],[121.0618449539657,14.5579018939361],[121.0617669235007,14.55794023711689],[121.0616343366102,14.55800543852396],[121.0614810590031,14.55808076823627],[121.0612988329639,14.55817038601375],[121.0612550073595,14.55807612758121],[121.0613155013481,14.5580442063898],[121.0614013243152,14.55799700373949],[121.0613031604431,14.55771150824065],[121.0611663332025,14.55754243665567],[121.0610626555129,14.55745108608768],[121.0610717439966,14.55743119936194],[121.0611544266239,14.55743804690955],[121.0610717439966,14.55743119936194],[121.0610142774388,14.55733595021933],[121.0610000774086,14.55732745787905],[121.0610120310492,14.5572657228811],[121.0610224094729,14.55721239395191],[121.0610344557724,14.55715020701095],[121.0610448341855,14.55709687808032],[121.061053451944,14.55705249756793],[121.0610966977778,14.55706423612738],[121.0611023439121,14.55701199303045],[121.0611102117309,14.55694013614849],[121.0611170612607,14.55687722749152],[121.0611233554589,14.55681956121809],[121.0611249290701,14.55680537060828],[121.0611176902502,14.55680248022906],[121.0611073609293,14.5566969150772],[121.0610985384273,14.55667161001947],[121.0609980890613,14.5565076806739],[121.0609002747214,14.55647724693093],[121.0608593540415,14.55648430748399],[121.0608332349246,14.556324787511],[121.0609923533541,14.55623391074217],[121.0609825939727,14.55617597750233],[121.0609547116279,14.55601618684806],[121.0610170480308,14.55593708509515],[121.0610107175432,14.55586270117505],[121.0609989127159,14.55579030711686],[121.0610023204946,14.55569703051809],[121.0608850114457,14.55563677531019],[121.0607781937745,14.55559667282626],[121.0606890346226,14.55565716248582],[121.0605771308512,14.55568150462296],[121.060425697932,14.55571109915551],[121.060247147696,14.55566251889521],[121.0602746898105,14.55559653189059],[121.0602513935896,14.55557900350125],[121.0601535564002,14.55546234364272],[121.0601024488304,14.55554460570656],[121.0599145202724,14.55547279905414],[121.0598832578212,14.55550742391432],[121.059822924505,14.55544507476735],[121.0596399749759,14.55559940599846],[121.0594923161744,14.55551556774357],[121.0594136113732,14.555459730768],[121.0593340680546,14.55539114991233],[121.0593233926925,14.55537623934994],[121.0595823318011,14.55518772408754],[121.0595563381158,14.55514588316749],[121.0594533806782,14.55496532321479],[121.0594399737886,14.55479911145675],[121.0594377201353,14.55469978061707],[121.0594253747443,14.554685774317],[121.0594096620632,14.55457198554067],[121.0594012754737,14.55444075089652],[121.0594043078685,14.55432930732911],[121.0593442894686,14.55405473761858],[121.0594884765477,14.55399929595836],[121.0595070239653,14.55395681101931],[121.0594452861781,14.55384556467162],[121.0593998847482,14.55375139663489],[121.0593571953009,14.55373549997582],[121.0593100355065,14.55365877637403],[121.0592355835572,14.55354156788052],[121.0593266930064,14.55348885124866],[121.0592356317246,14.55337426808286],[121.0591631395342,14.55329818354227],[121.0590891019348,14.55334249014026],[121.0590100536354,14.55338752104575],[121.0589657676646,14.55329958909779],[121.0589218580596,14.55323108949048],[121.0588795251113,14.55315933567319],[121.0588279131629,14.55308884954833],[121.0587200435682,14.55292474026129],[121.0588738692901,14.55282663556241],[121.0588746031558,14.55279463963087],[121.0588616951327,14.55275794718974],[121.0588497183776,14.55273381781552],[121.058991053361,14.55277337019841],[121.0590878439259,14.55279946660768],[121.0591069609036,14.55280515593965],[121.0591721964013,14.55281137591718],[121.0592086638653,14.55280992056043],[121.0594123443612,14.55280516901223],[121.0595767743106,14.55280458491934],[121.0597023235121,14.55280301641265],[121.0598087572739,14.55280154310698],[121.0599313363478,14.55279726373244],[121.0601919901617,14.55278562776885],[121.060320968852,14.55276986784464],[121.0604172811681,14.55274290873342],[121.0603708718483,14.5526966443734],[121.0603707754431,14.55268335802897],[121.0603858496826,14.55249544691586],[121.060397448658,14.55249472085569],[121.0603895333505,14.55239222804661],[121.0603870295718,14.55205699640844],[121.0603864525135,14.55198233981114],[121.0603851438005,14.55194700021181],[121.0603651643838,14.55184071440294],[121.060356058354,14.55179543463169],[121.0603141161255,14.55179634927653],[121.0601881126206,14.55183145049426],[121.06017929108,14.55180858574384],[121.0601438191786,14.55171649410177],[121.0600983201829,14.55160415912993],[121.0600542973672,14.55146018955311],[121.0600378659551,14.55143407294355],[121.0599887527627,14.55133882135102],[121.0599404767239,14.55125089059458],[121.0598602213042,14.55128950487416],[121.0597989480516,14.55117825847383],[121.0598933118733,14.55115419234577],[121.059968185134,14.55111512751604],[121.0600536304163,14.55105265062978],[121.0600693034973,14.55101974702278],[121.0601363830945,14.55098438986126],[121.0601836083323,14.55096123955507],[121.0602822347201,14.55091593205699],[121.0602479608157,14.55079283858146],[121.0601894923008,14.55075914058307],[121.0600105127855,14.55082399148524],[121.0599016816477,14.55087843021197],[121.0598514504006,14.55076564447646],[121.0598458782142,14.55074847303966],[121.0598546883521,14.55072930948952],[121.0598321265445,14.55068032741016],[121.0597984072725,14.55054828575887],[121.0598030455624,14.5505433134826],[121.0597984072725,14.55054828575887],[121.0598502754418,14.55053760725379],[121.0599315566023,14.5505186059292],[121.0600139507708,14.55049779662144],[121.0600884580475,14.55047879697874],[121.0601625015934,14.55046070126637],[121.0602399781073,14.55044133927852],[121.0603235815398,14.55043164671896],[121.0604095955051,14.55041436129515],[121.06043462489,14.5503239713529],[121.0601209495306,14.54950237583932],[121.0601481292535,14.54947145770491],[121.0601817096405,14.54943321685942],[121.0601987713352,14.54938874379598],[121.0602112844236,14.54933767390615],[121.0602478270892,14.54927349222709],[121.0602612486854,14.54915092875836],[121.0603489270628,14.549113939327],[121.0603059296878,14.54898614814697],[121.0603557561932,14.54897601235672],[121.0603755882113,14.54888236994417],[121.0604486462726,14.54865476545396],[121.0605235676767,14.54845526972306],[121.0607545080199,14.54838877804338],[121.0609107576266,14.54834661873882]]]}},{"type":"Feature","properties":{"name":"PEMBO"},"geometry":{"type":"Polygon","coordinates":[[[121.0576415378631,14.53946401015115],[121.0576783688117,14.53944140519384],[121.0577024085339,14.53947086431786],[121.0581213928739,14.54000456609519],[121.0592722541067,14.54108436127758],[121.0592305305429,14.54120187045253],[121.0593465405031,14.5412922246445],[121.0596434679771,14.54130570676324],[121.0611465946096,14.5411222925284],[121.0623845336494,14.54095529885008],[121.0623391708966,14.54099399508641],[121.0623585896994,14.54108663305778],[121.0623381235711,14.54122980604869],[121.0623549750433,14.5414319895625],[121.0625340432093,14.54204130769121],[121.0625465535504,14.54231353957988],[121.0625288867483,14.542512297702],[121.0624556187111,14.54263840228694],[121.0622813256027,14.54284506546455],[121.062198876731,14.54299105678562],[121.0620404301014,14.54312604142748],[121.0618277042032,14.54327107286826],[121.0615393381237,14.54335692278628],[121.0612284465604,14.54352484648802],[121.060979115168,14.54384242888644],[121.0608921394964,14.54406551806969],[121.0609324431807,14.54418544653145],[121.0609235036181,14.54440815387078],[121.0610307735496,14.54476306204842],[121.0611607640384,14.54506924751417],[121.061248476931,14.5451638561381],[121.0616141439684,14.54542777048024],[121.0619401114786,14.5454088847206],[121.0623384143429,14.54524346758038],[121.0623360987935,14.54525847186088],[121.0623384143429,14.54524346758038],[121.0626622400326,14.54585672369887],[121.0627724896661,14.54590767047394],[121.0627207921556,14.54618986165089],[121.0627052272384,14.54627464555235],[121.0626819785728,14.54642288073288],[121.0626782743592,14.54644918332555],[121.0626704099549,14.54653007867085],[121.062664120059,14.54660057949063],[121.0626373013966,14.54659317521807],[121.0626364157352,14.54674303131057],[121.0625686024888,14.54680324485528],[121.0625768040929,14.54693104494139],[121.0625800543254,14.5469400824234],[121.062604598535,14.54710818918187],[121.0625790829114,14.54711506514851],[121.062562678404,14.54718439367954],[121.0625618455488,14.54719243803389],[121.0625489870966,14.54733280704941],[121.0625426890492,14.54737456590978],[121.0625360239051,14.54743078622823],[121.0625214879558,14.54754548677321],[121.0624996282133,14.54768414089871],[121.0626377580798,14.54788385152183],[121.0624996282133,14.54768414089871],[121.0626235597146,14.54787933614467],[121.0625565022452,14.54798853733509],[121.0623326192042,14.5480699421893],[121.0621945584477,14.54811652640271],[121.0620610451518,14.54816573045091],[121.0619189021288,14.54821475593821],[121.0618403662802,14.54809203590392],[121.0616602448671,14.54804508398685],[121.0615292335615,14.54808235645172],[121.0614860170235,14.54817022056427],[121.0613861820882,14.54820206175036],[121.0612352234399,14.54825018529918],[121.0611159959793,14.54828564678085],[121.0611160918792,14.54829694469298],[121.0611159959793,14.54828564678085],[121.0609107576266,14.54834661873882],[121.0607545080199,14.54838877804338],[121.0605235676767,14.54845526972306],[121.0604486462726,14.54865476545396],[121.0603755882113,14.54888236994417],[121.0603557561932,14.54897601235672],[121.0603059296878,14.54898614814697],[121.0603489270628,14.549113939327],[121.0602612486854,14.54915092875836],[121.0602478270892,14.54927349222709],[121.0602112844236,14.54933767390615],[121.0601987713352,14.54938874379598],[121.0601817096405,14.54943321685942],[121.0601481292535,14.54947145770491],[121.0601209495306,14.54950237583932],[121.06043462489,14.5503239713529],[121.0604095955051,14.55041436129515],[121.0603235815398,14.55043164671896],[121.0602399781073,14.55044133927852],[121.0601625015934,14.55046070126637],[121.0600884580475,14.55047879697874],[121.0600139507708,14.55049779662144],[121.0599315566023,14.5505186059292],[121.0598502754418,14.55053760725379],[121.0597984072725,14.55054828575887],[121.0598030455624,14.55054331348256],[121.0597984072725,14.55054828575887],[121.0598321265445,14.55068032741016],[121.0598546883521,14.55072930948952],[121.0598458782142,14.55074847303966],[121.0598514504006,14.55076564447646],[121.0599016816477,14.55087843021197],[121.0597146361769,14.55097003646143],[121.0596193484894,14.55100901602693],[121.059580381205,14.5510301756814],[121.0591585093615,14.55124376844459],[121.0591590018646,14.5510025348158],[121.0592244200818,14.55099998753793],[121.059230345248,14.55094910013992],[121.0591562020255,14.55094224974235],[121.0591549650039,14.55082692073392],[121.0590293226083,14.55082279480756],[121.0589887225185,14.55063571123377],[121.0590628394847,14.55054422446229],[121.0590772902914,14.55045085467771],[121.0591057541223,14.55036263321277],[121.0591387796326,14.55033026758524],[121.059173754979,14.55030242063441],[121.0591949066743,14.55028370590592],[121.0591346610065,14.55019595876661],[121.0590861098711,14.55011815084331],[121.0591665476516,14.55006850999487],[121.0590726965203,14.54992545663356],[121.0589937443598,14.54997853164846],[121.0588871410477,14.55003540969965],[121.0588656044794,14.55000242514272],[121.0587795989701,14.55005152498524],[121.058761878499,14.55006237545204],[121.0586561122711,14.55012702616778],[121.0585972585291,14.55003846508795],[121.0585321868915,14.54994665174155],[121.0583273567537,14.54980389694784],[121.0582834577164,14.54977227365881],[121.0582107414986,14.54989783441696],[121.058083227727,14.54983224767289],[121.0580161303246,14.54979936471893],[121.058054808135,14.54973599630445],[121.0580197244338,14.54970446116303],[121.0579416713049,14.54964744850967],[121.0578237108081,14.54956441524365],[121.0577436162342,14.54950695110996],[121.057597996271,14.54939473068021],[121.0572256613396,14.54882856937486],[121.0572528862599,14.54861173270352],[121.0572924193256,14.54862636516048],[121.0573467460686,14.5484356426738],[121.0573687214759,14.54837282075665],[121.0574397120261,14.54839187427118],[121.0574509077247,14.54826777497562],[121.0574108029906,14.54819520685934],[121.057359204125,14.54816909867269],[121.0572019711665,14.54799813154647],[121.0571594443799,14.5478882355887],[121.0571466317653,14.54785949676106],[121.0571192301239,14.54774995863669],[121.0571158851953,14.54773269620273],[121.0571399848046,14.54763100887677],[121.0571317954343,14.54753872931278],[121.0571141619483,14.54752653184078],[121.0570518821078,14.54746083821209],[121.0569743747574,14.54735700643056],[121.0569337378943,14.54737925065809],[121.0569228050834,14.54708171079607],[121.0568938371492,14.54701492441996],[121.0569004914874,14.54691098176244],[121.0569115987229,14.54680288037991],[121.0569512225899,14.54681109564634],[121.0569648348043,14.54670163789855],[121.0569798385214,14.54659082405765],[121.0569842877098,14.54657220397062],[121.0569975292637,14.54646482512992],[121.0569953621267,14.5463363906786],[121.0569845007339,14.54631741278299],[121.0569662980019,14.54625604680253],[121.0569487454175,14.54619703063374],[121.0569142077868,14.54612102649016],[121.0569057605212,14.54610810369964],[121.0568443222928,14.54606599990067],[121.0567998628179,14.5460162093685],[121.0567914159556,14.54600482309349],[121.0567188416991,14.54595802201824],[121.0566908887902,14.545868187566],[121.0566796578518,14.54585535582437],[121.0565862912789,14.54577990816194],[121.0565354329125,14.54574403818667],[121.0564752938535,14.54570166282481],[121.0564174754299,14.54566263107865],[121.0563420236433,14.54561104025104],[121.0563812652667,14.54557650430026],[121.0562392727757,14.5454855222323],[121.0560672468666,14.54551566119467],[121.0557491200279,14.54535187180781],[121.0557726817566,14.54532384730418],[121.0557886369378,14.54530486296304],[121.0555651594588,14.5451519871625],[121.0554360811377,14.54512399885822],[121.0553594378317,14.54512998230101],[121.0553289019659,14.54509844566526],[121.05532582195,14.54502641071922],[121.0552939664601,14.54491217345928],[121.0552928322635,14.54482893049424],[121.0551852835262,14.54480916186771],[121.0551082699231,14.54481821835551],[121.0551015624711,14.54471111544716],[121.0550348473276,14.54471501762614],[121.0550329709757,14.54463204598311],[121.0550067044638,14.54460412364175],[121.0548933130548,14.54459637726261],[121.0548951415487,14.54448583777089],[121.0548066198731,14.54448594888645],[121.0547939767811,14.54439005491325],[121.0547868120737,14.54430943447484],[121.0547882923007,14.54429153818827],[121.0548181351265,14.54414745984641],[121.0546894313776,14.5441305882136],[121.0545959854279,14.54410403725505],[121.0545393743947,14.54406654127617],[121.0545934215691,14.54386578684237],[121.0539085237234,14.5437980674474],[121.0539113006405,14.54377013829377],[121.0539042299407,14.54369313314303],[121.0538170891521,14.54364669604119],[121.0538223556827,14.54355387093179],[121.0535724477213,14.5434484506303],[121.0535998888115,14.54334631094583],[121.0536332726598,14.54326179468816],[121.0536422620522,14.54321542587017],[121.0536588500095,14.54312693657796],[121.0536646866232,14.54308915491792],[121.0536678365537,14.54306881789797],[121.0536854589509,14.54303736038482],[121.0536905557098,14.54300979223437],[121.0537019489122,14.54292745020973],[121.0537037928839,14.5428785522869],[121.0537842408742,14.5428769069239],[121.0537846845437,14.54279312127168],[121.0537824521095,14.54277043551329],[121.0538333941934,14.54277349685135],[121.0538421867565,14.54268094207491],[121.0538653580533,14.54257356108889],[121.0538691581183,14.5425558450389],[121.0538781572279,14.54254987765467],[121.0538691581183,14.5425558450389],[121.0540044522469,14.54258636352468],[121.0540037868211,14.54252092598693],[121.0540650243424,14.54250708317675],[121.0540729081051,14.54249343344061],[121.0541545553631,14.54246367838935],[121.0541465728276,14.54245274382505],[121.0542512304534,14.54241756040664],[121.0543097727378,14.54238609336402],[121.0543293857639,14.54252726792335],[121.0543421916048,14.54253106106187],[121.0543514732461,14.54254217608509],[121.0544218054011,14.54253366370065],[121.0544357149958,14.54249777819872],[121.0545692319228,14.54247027053158],[121.0545876208564,14.54253814429351],[121.0546956208209,14.54251091365041],[121.0547201147035,14.54250087535538],[121.0547828361553,14.54248441088799],[121.0548618856406,14.54245637348555],[121.05527801194,14.54232268876241],[121.055980374379,14.54211879743088],[121.0559168745829,14.54199128140538],[121.055900873819,14.54182805252652],[121.0558669887072,14.54175982102687],[121.055829019203,14.5416848117287],[121.0559113113562,14.5416387868711],[121.0558839199649,14.54156449812438],[121.055853644985,14.54146173924106],[121.0559062513555,14.54144238461048],[121.0559828818779,14.5413907572977],[121.0560735239637,14.54134111504443],[121.0560866978415,14.54133270621963],[121.0561572986857,14.541287678293],[121.0562364394447,14.54125602506161],[121.0563153951305,14.54122645066979],[121.0563988978754,14.54119859244427],[121.056460952392,14.5411155150051],[121.0565223546298,14.54102177244646],[121.0565854280915,14.54093227749477],[121.0566253111432,14.54086936089932],[121.0566638943729,14.5408034619537],[121.0567007143914,14.5407367499762],[121.0567502440507,14.54066081579062],[121.0567997715975,14.54057674707407],[121.056868039467,14.54048137585259],[121.0569359333002,14.54037497790674],[121.0569948264205,14.54026785906194],[121.0570722764803,14.5401582049416],[121.0571241274939,14.54008968156099],[121.0571756041843,14.54000895647849],[121.0572284720776,14.53992597145524],[121.0572595431801,14.53987580098314],[121.0573053617963,14.53980321177498],[121.0573780798651,14.5396955471462],[121.0574292757899,14.53960623563562],[121.0574620157712,14.53955136478088],[121.0574933657171,14.53950345379738],[121.0575678434075,14.53938358689373],[121.0576415378631,14.53946401015115]]]}},{"type":"Feature","properties":{"name":"PITOGO"},"geometry":{"type":"Polygon","coordinates":[[[121.041858043674,14.55579731512999],[121.0418018773907,14.55566220188939],[121.0418299121086,14.55571904807971],[121.0418018773907,14.55566220188939],[121.042208718904,14.55581695574308],[121.0427576781418,14.55574030130045],[121.0440591976783,14.55564063809017],[121.0446998415054,14.55558646729775],[121.0450679533671,14.55556334891862],[121.0467667654113,14.5547760468044],[121.0482638444615,14.55490372586409],[121.0491829160852,14.55590335635747],[121.0490943183584,14.5559998141059],[121.0488339055729,14.5562834918665],[121.0486840246206,14.55620570294052],[121.0485809588053,14.5563399437856],[121.0485768754495,14.55633822734761],[121.0485809588053,14.5563399437856],[121.048541997295,14.55639662229472],[121.0479851084983,14.55670648123023],[121.0478207857801,14.55678776958768],[121.047138806402,14.55709530206348],[121.0472144615165,14.55722191402204],[121.0472469388195,14.55721684599416],[121.0452804837009,14.55798784401715],[121.0449371665441,14.55812086424334],[121.0421729868463,14.55920444352373],[121.0421728015115,14.55920579930869],[121.0421729868463,14.55920444352373],[121.0426621106456,14.55772974898828],[121.041858043674,14.55579731512999]]]}},{"type":"Feature","properties":{"name":"RIZAL"},"geometry":{"type":"Polygon","coordinates":[[[121.0576159789887,14.53930123562749],[121.0576784920291,14.53920107524794],[121.0577337716973,14.53911682414248],[121.0577385945967,14.5391088691995],[121.0577839488897,14.53903600885782],[121.057831713988,14.53895682106178],[121.0579065663254,14.53885177685988],[121.0579195526448,14.53883658920931],[121.057976690972,14.53876417783337],[121.058045610646,14.53868164056415],[121.0581077584296,14.53860543180425],[121.0581728731252,14.53852063585107],[121.0582316820086,14.53845030281907],[121.0582820466961,14.53837807381757],[121.0583571818526,14.5382915580312],[121.0584370461625,14.53819383347703],[121.0585138508932,14.53810550955141],[121.0585506806711,14.53807965064684],[121.058641606013,14.53805585702552],[121.0587407807632,14.53799934244511],[121.0588112714427,14.53789466057605],[121.0588525370668,14.53780128397544],[121.058919663985,14.53760865969192],[121.0588291017775,14.53760136137772],[121.058919663985,14.53760865969192],[121.0589199871308,14.53742753091003],[121.0589437248813,14.53736814292485],[121.0589874913339,14.53725867738962],[121.0588972970148,14.53723854453931],[121.0588149744956,14.53716128725214],[121.0587631860092,14.53711077582135],[121.058706390417,14.53707300971906],[121.0586571056964,14.53701671308735],[121.0585969690793,14.53697614590329],[121.0585362755249,14.53693467500678],[121.0584743751696,14.53689094480584],[121.0584109924337,14.53685553024799],[121.0583630125933,14.53682110605625],[121.0583248688582,14.53678930053052],[121.0582716910181,14.53674737577565],[121.0582181408913,14.53670102230503],[121.0581529907626,14.53664825446617],[121.0580871007795,14.5366047059186],[121.0580277987268,14.53656133648804],[121.0579404714605,14.53650396451694],[121.0579926000007,14.53643652546124],[121.0580221879349,14.53639430899868],[121.0580615157407,14.53634169600587],[121.0581008438349,14.53629025799295],[121.0581396153332,14.53623936241287],[121.0582089943618,14.53614254435894],[121.0581511743224,14.53608896124316],[121.0586229864979,14.5357091421945],[121.0582125189522,14.5340110269771],[121.05845077766,14.53395438753361],[121.058399872669,14.53373178538781],[121.0588288845756,14.53362412159109],[121.0586570513897,14.53294167797707],[121.0590848423532,14.53278475494359],[121.0589991255087,14.53249771815853],[121.0593329320927,14.53237037375382],[121.0589621283238,14.53118843025443],[121.059636987906,14.53098408290023],[121.0596065591047,14.53100081161201],[121.059636987906,14.53098408290023],[121.0595991930759,14.53086623225607],[121.0596254244675,14.53076707473907],[121.0597231947063,14.53102166054219],[121.059666833864,14.53121581893527],[121.0597383601934,14.53152211083592],[121.0602202264816,14.53165403800854],[121.0606532520571,14.53199232264369],[121.0607508945184,14.53211250757358],[121.060823061153,14.5323786686205],[121.0613187453338,14.53247588262043],[121.0614392958661,14.53255837129372],[121.0613709962388,14.53285900509589],[121.0612277645496,14.53330002420932],[121.061205063454,14.53341382310599],[121.0611331092347,14.53358575151358],[121.0611366176114,14.5338597033173],[121.0611110386923,14.53396853185216],[121.0611207456349,14.53417677314977],[121.0611005458628,14.53427692345166],[121.0611179649914,14.53452502190204],[121.0611964848911,14.53494591784147],[121.0613846098646,14.53511850131206],[121.0615923067072,14.5352683028183],[121.0618323688356,14.5353555501519],[121.0619808403115,14.53540404691942],[121.0628736403617,14.5354423124871],[121.0635475153343,14.53533168196267],[121.063892681414,14.53533646882006],[121.0643058412631,14.53527715455344],[121.0647305197906,14.53526393200935],[121.0650207426241,14.53522173290837],[121.0654537766465,14.53522513731621],[121.06573939023,14.53528525283749],[121.0662653375026,14.53540323605185],[121.0664306207209,14.5355067688461],[121.0664978287421,14.53560960630545],[121.0668130311726,14.53594267053905],[121.0668660439301,14.53604804267514],[121.0670586532184,14.53630431546969],[121.0671014752779,14.53646148025543],[121.0670973710139,14.5366972018018],[121.0669811183548,14.53703563117037],[121.0668114557785,14.53718436058899],[121.0665582091483,14.53739086874492],[121.066460999816,14.53749628358382],[121.0662087678879,14.53768507589165],[121.066001538855,14.5378789167335],[121.0658412560819,14.53806000011923],[121.0656564977514,14.53831077598394],[121.0655422417126,14.53850784414905],[121.0650502663913,14.53908797259313],[121.0647267117899,14.53939419132954],[121.0645542569117,14.53952448162222],[121.0643755631782,14.53957930323003],[121.0641809736784,14.53985529762401],[121.0639779909263,14.5399859573857],[121.0636272924831,14.54012840699992],[121.0635731944258,14.54011956409835],[121.0632805722393,14.54023135740065],[121.0630499368257,14.54035895078463],[121.0627845096489,14.54050119540419],[121.0624705966154,14.54079583932857],[121.0624323083297,14.54091461352393],[121.0623845336494,14.54095529885008],[121.0611465946096,14.5411222925284],[121.0596434679771,14.54130570676324],[121.0593465405031,14.5412922246445],[121.0592305305429,14.54120187045253],[121.0592722541067,14.54108436127758],[121.0581213928739,14.54000456609519],[121.0577024085339,14.53947086431786],[121.0576783688117,14.53944140519384],[121.0576415378631,14.53946401015115],[121.0576159789887,14.53930123562749]]]}},{"type":"Feature","properties":{"name":"WEST REMBO"},"geometry":{"type":"Polygon","coordinates":[[[121.059175660074,14.55814779441008],[121.0593255607257,14.558280710471],[121.0592796370885,14.55831922544776],[121.0595692866269,14.55844514638148],[121.0599407778375,14.55821014500081],[121.0600070855447,14.55805747040385],[121.0601059327399,14.55813047484122],[121.0603729493257,14.5579482835038],[121.0610354861278,14.55752267684984],[121.0610626555129,14.55745108608768],[121.0611544266239,14.55743804690955],[121.0610626555129,14.55745108608768],[121.0611663332025,14.55754243665567],[121.0613031604431,14.55771150824065],[121.0614013243152,14.55799700373949],[121.0613155013481,14.5580442063898],[121.0612550073595,14.55807612758121],[121.0612988329639,14.55817038601375],[121.0614810590031,14.55808076823627],[121.0616343366102,14.55800543852396],[121.0617669235007,14.55794023711689],[121.0618449539657,14.5579018939361],[121.0619609395264,14.55786968675521],[121.0621572797971,14.5578151334812],[121.0623357118209,14.55776555590203],[121.0625286187764,14.5577120878323],[121.0625889398862,14.5577262619037],[121.0627232993509,14.55769612824885],[121.0628153494888,14.55768534793037],[121.0628199941765,14.55770270030075],[121.0628195302244,14.55770279080867],[121.0628199941765,14.55770270030075],[121.0633350947067,14.55767607911126],[121.0633963132531,14.55758323875945],[121.0641754587304,14.55770233249752],[121.0643343271663,14.55771078491633],[121.0645164206637,14.55780925271108],[121.0649145517733,14.55793920434498],[121.0650068005942,14.55797316290127],[121.0651173432343,14.55805158497194],[121.0652247180182,14.55808617191589],[121.0654052333304,14.55818002989888],[121.0654628514642,14.55815280837912],[121.0654932036147,14.5581797341437],[121.0655975125728,14.55820184886259],[121.065743118101,14.55823217682685],[121.065883807075,14.55826783870594],[121.0659376248145,14.55825498910236],[121.0659431885872,14.5582416107893],[121.0662045592336,14.55843522864002],[121.0663718871995,14.55849221317087],[121.0665232720728,14.5582986592981],[121.0663631799782,14.55854436686855],[121.0665232720728,14.5582986592981],[121.0663176201507,14.5579330263788],[121.0660689692804,14.55744873197942],[121.066464854101,14.55720377118917],[121.0665470555129,14.55715286196201],[121.067175465304,14.5580725144479],[121.0674313748546,14.55830888384863],[121.0670031615106,14.55874646255829],[121.0664778867239,14.55951071369447],[121.0659394164927,14.56022543723314],[121.0656849375605,14.5604354694476],[121.0653490498822,14.56055893684211],[121.0651171590545,14.56058702034967],[121.0647069177704,14.56063223548339],[121.0641659443748,14.56074229068474],[121.0636606129365,14.56088198069514],[121.0630645458462,14.56109345850744],[121.0626797771206,14.56130704748882],[121.0624563533499,14.56141918265042],[121.062050350022,14.56169396582028],[121.0617824197661,14.56193870457402],[121.0612565971024,14.56249153727939],[121.0608018227056,14.56292676154654],[121.060348603639,14.56328678554383],[121.060072041278,14.56353857444996],[121.0597090130301,14.56387426088972],[121.0593381714198,14.56414559577736],[121.0584582789217,14.5645758614423],[121.0579673247894,14.56473813140397],[121.0572259235031,14.56496598969029],[121.0571110444029,14.56498761939483],[121.0562848946517,14.56513062538804],[121.055576161335,14.56538187987809],[121.0555294395796,14.56520618569413],[121.0554845005323,14.56510831116249],[121.0555294395796,14.56520618569413],[121.055345061339,14.56451335041475],[121.0557033055309,14.56431225273592],[121.0555538240917,14.56326682365441],[121.0554843206439,14.56327551695553],[121.0545831908906,14.56340000611895],[121.0547551976698,14.56285929246586],[121.0548139301639,14.56282502340479],[121.0547794570819,14.56264218587048],[121.055087615429,14.56255118781119],[121.0552640635265,14.56233865482785],[121.0553251069086,14.56226895479959],[121.0552794411204,14.56223109495069],[121.055218930591,14.56220462690533],[121.0551911729618,14.56215962252264],[121.0552049841075,14.56209662203441],[121.0551722126051,14.56204023052367],[121.0551271866605,14.561962872947],[121.055155479854,14.56192264566474],[121.055202325957,14.56185611243201],[121.0552312678945,14.56181263118481],[121.0554997017176,14.5616977807373],[121.056070032626,14.56132689202292],[121.0563548771877,14.56115961428418],[121.0565284469505,14.56131412803297],[121.0566945936459,14.56147045111713],[121.056862575678,14.56154542857302],[121.056999103195,14.56163451338354],[121.0571763626155,14.56169954617773],[121.0574831687937,14.5617710546468],[121.0575966333113,14.56166880311524],[121.057596017232,14.56144031402967],[121.0576070506584,14.56140397718561],[121.057681118686,14.56110822444144],[121.0576380356546,14.56101107289951],[121.0574459978464,14.56085294917079],[121.0574703033724,14.56082492434565],[121.0575017445087,14.56075929826704],[121.0574127322841,14.56068177116331],[121.0573749469528,14.56061589092796],[121.0573637097132,14.56058172875495],[121.0573492268794,14.56055642495098],[121.0572525461175,14.56060859985597],[121.0571813796783,14.56064233027127],[121.057139253823,14.56065743459235],[121.0571042723387,14.56066874105899],[121.0570188216267,14.56072769188161],[121.0569699974599,14.56067690829995],[121.0569303667576,14.56065170097565],[121.056856023678,14.56060155626167],[121.0569313553204,14.56052615817981],[121.0569486101569,14.56050527541289],[121.0569290251091,14.5604860285129],[121.0568505921551,14.56040904091852],[121.056912749946,14.56034666125344],[121.0573973028571,14.559866787733],[121.0577331538075,14.55958895687049],[121.0578486435414,14.55942885931568],[121.0578103847341,14.55932619320954],[121.0578290298311,14.55929952549394],[121.057994982178,14.55906945862031],[121.0579424459332,14.55901723001927],[121.0579431813186,14.55899047634487],[121.0579731433865,14.55894807909936],[121.0581463397775,14.55874232345851],[121.0581611835602,14.55872867187277],[121.0582267683446,14.55864487012978],[121.0583116434236,14.55851840258599],[121.0583201770367,14.55850466217893],[121.0583677607725,14.55842646865332],[121.0583780566918,14.55840965476808],[121.0585124658705,14.55856435761713],[121.0585950356744,14.55849401865255],[121.0586054353995,14.55851896187276],[121.0586618668887,14.5585627836923],[121.0586313454118,14.55859451592314],[121.05872035997,14.55868243667134],[121.0587430057252,14.55869580773364],[121.0588069223951,14.5586212253564],[121.0588563828703,14.55862211675508],[121.0588792976658,14.55860023820223],[121.0588957152317,14.55857266712693],[121.0589273455398,14.55852330981513],[121.0589989837328,14.55852238792932],[121.059015313456,14.55851352623602],[121.0590732995851,14.55847103139594],[121.0590410864591,14.55842232286129],[121.0590347718463,14.55840542275438],[121.05901674463,14.55831206122547],[121.0589835122989,14.55826904709485],[121.0589715355912,14.55824627349057],[121.059023750082,14.55813517909712],[121.059175660074,14.55814779441008]]]}},{"type":"Feature","properties":{"name":"SOUTH CEMBO"},"geometry":{"type":"Polygon","coordinates":[[[121.0498188587824,14.56136681000816],[121.0498046618604,14.56137142258488],[121.0497214075917,14.56130329120018],[121.0496511513906,14.56126389895272],[121.0495972279178,14.56122640127376],[121.0494704592604,14.56119099781519],[121.0494324205274,14.56081049167567],[121.0491230226235,14.56075117493631],[121.0490018033851,14.56063090002608],[121.0490250409793,14.56038460033884],[121.0490352312236,14.5603058742436],[121.0490248073742,14.56016722825866],[121.0489849656779,14.56002244235959],[121.0490543338847,14.55982512081105],[121.0489969339807,14.55959094938125],[121.0484600391586,14.55885506892044],[121.0481585896754,14.55863432442667],[121.0481401781872,14.55845961703352],[121.047951041308,14.55837234546783],[121.0478490576983,14.5579373508507],[121.0472469388195,14.55721684599416],[121.0472144615165,14.55722191402204],[121.047138806402,14.55709530206348],[121.0478207857801,14.55678776958768],[121.0479851084983,14.55670648123023],[121.048541997295,14.55639662229472],[121.0485809588053,14.5563399437856],[121.0485768754495,14.55633822734761],[121.0485809588053,14.5563399437856],[121.0486840246206,14.55620570294052],[121.0488339055729,14.5562834918665],[121.0490943183584,14.5559998141059],[121.0499598793989,14.55669377583342],[121.051100447751,14.55639119692949],[121.0511212517157,14.5568718515575],[121.0517237468808,14.55676786858995],[121.0517629084371,14.55717440466083],[121.0504589760628,14.5577054210196],[121.0505534777444,14.55786257742345],[121.0502703077103,14.55804918984277],[121.0508817499828,14.55890815222191],[121.0506563782734,14.55903943786087],[121.0507194095188,14.55913866521141],[121.0509448751659,14.55901207943055],[121.0514168306191,14.55978909289108],[121.0515195439415,14.55973592484468],[121.0516555333483,14.55991919244138],[121.0515683165299,14.55997036869661],[121.0516857325123,14.56009227002252],[121.0519481298069,14.55995808291534],[121.0522489246299,14.56013363092235],[121.052375311036,14.56012284703776],[121.0528220766892,14.560303151903],[121.0537055696742,14.5605875681462],[121.053706526117,14.5607052471304],[121.0528046781275,14.56089164224242],[121.0527815940698,14.5613759217645],[121.0527698515819,14.56155569701176],[121.0534947720891,14.56150979837282],[121.053841159004,14.56140722412965],[121.0539979624833,14.56131002582832],[121.0540126483523,14.56140835958525],[121.0539683077503,14.56147588622266],[121.0540126483523,14.56140835958525],[121.0540420874851,14.56150054386135],[121.0537526074394,14.56169493487307],[121.0536125161509,14.56182963829153],[121.0535485252758,14.5619923430735],[121.0532692264913,14.56208098257128],[121.0528358510381,14.56203227381194],[121.0526428430037,14.56207660519047],[121.0523820520344,14.56194831929508],[121.0518698221211,14.56199724046479],[121.0516100019094,14.56205062413624],[121.0515431661717,14.56195754396371],[121.0515226815127,14.56165928323331],[121.0514029416973,14.56152373445987],[121.0512563232214,14.56152828579873],[121.0508953020338,14.56135302079962],[121.0505797682272,14.56124914830538],[121.0504257645509,14.56142271769999],[121.0502216061138,14.56140170227983],[121.0502419996477,14.56130525880063],[121.0501083592085,14.56124924974591],[121.0498906017095,14.56141469792843],[121.0498188587824,14.56136681000816]]]}},{"type":"Feature","properties":{"name":"POST PROPER SOUTHSIDE"},"geometry":{"type":"Polygon","coordinates":[[[121.0531552811885,14.54340855795881],[121.0527363352426,14.54362547317992],[121.0522258495182,14.54433981983351],[121.0519249680681,14.54551326822832],[121.0518071239313,14.54551329432757],[121.0513881196046,14.54550063249926],[121.0509036697398,14.54559001732512],[121.0502490606143,14.54594727478841],[121.0496861290775,14.54640654414772],[121.0492148099462,14.5466744807294],[121.0487434588961,14.54680212077005],[121.0482720657346,14.54673844769232],[121.0477089719847,14.54647072603548],[121.0471589192817,14.54594791746409],[121.0464386205908,14.54528484577285],[121.0458231813377,14.54513191723366],[121.045318324425,14.54510838833691],[121.045970639818,14.54320156153521],[121.0462552174845,14.54241070269512],[121.0462446429806,14.54240059267018],[121.0462574614303,14.54236312072959],[121.0460345554367,14.54209675637925],[121.0455993581365,14.54177156189543],[121.045598476459,14.54177067088505],[121.0453854872041,14.54149947839051],[121.0453103283046,14.54119470236625],[121.0447803573073,14.54083045453239],[121.0442972348735,14.54092163314785],[121.0442161924116,14.54092164845888],[121.0440793049011,14.54087362725171],[121.0437652481736,14.54066647997838],[121.0432742051747,14.54050468969349],[121.0431594189299,14.54042086473371],[121.042847707144,14.54037537857224],[121.0427580723377,14.5404845602385],[121.0424179954919,14.5405187228847],[121.0418811636165,14.54068655784239],[121.0414974839315,14.54055588898545],[121.0411024107099,14.54043755524053],[121.0406617312782,14.54018602413259],[121.0404869575498,14.53996404700907],[121.0402980761478,14.5398978491948],[121.0402916547191,14.53989003302285],[121.039637069022,14.53982941957183],[121.0395212307334,14.53953337684813],[121.0394992135757,14.53929079461623],[121.0394763340374,14.53879498299507],[121.0393853189855,14.53829964557831],[121.0392783992909,14.53781263510116],[121.0393424781613,14.53769190800776],[121.0393296386044,14.53758368212251],[121.0392227790578,14.53742968275425],[121.0390860204822,14.53736310283103],[121.0389786371065,14.53729459638708],[121.0389820470942,14.53727908147336],[121.0389498145212,14.53726731346483],[121.0387711773946,14.5370237863787],[121.0387326275561,14.53692995468145],[121.0386776009055,14.5368962181458],[121.038662876774,14.53687614547176],[121.0386585812966,14.53675126766226],[121.0386137000502,14.53673911846673],[121.0385708378028,14.53672134887718],[121.0385307331935,14.53669826607746],[121.0384940766266,14.5366702658359],[121.0384615000648,14.53663783069864],[121.038433564965,14.53660152004995],[121.0384107502137,14.53656195836375],[121.0383934511985,14.53651982706914],[121.038381964032,14.53647585280303],[121.0383764874049,14.53643079114086],[121.0383551120766,14.53637668016217],[121.0377824489885,14.53613950354942],[121.0376927102272,14.53614368016731],[121.0375811281792,14.53607965406481],[121.0375012607656,14.53598891809095],[121.0373894531611,14.53600636191966],[121.0373508233479,14.53600636808029],[121.0373396735665,14.5360141283872],[121.0371116501149,14.53604970435466],[121.0367840322705,14.53608521621803],[121.0364662388435,14.53593574245786],[121.0359705295401,14.53589419289902],[121.0358766729082,14.53585193215608],[121.0357868969718,14.53579182992876],[121.0354439943809,14.53556416321656],[121.0352569736814,14.53554900969216],[121.0348984733337,14.53523025770908],[121.0348135319402,14.53513375418582],[121.034384924383,14.53452492553841],[121.0343727324632,14.53451988572788],[121.0342905374245,14.53439537894767],[121.0339944187898,14.53433469693982],[121.0338907739654,14.53428423540219],[121.0337780615139,14.53413788893288],[121.0337516945642,14.5341010550726],[121.0337196247794,14.53406879905726],[121.0336826762221,14.53404194777642],[121.0336725460275,14.5340368045955],[121.0336515019001,14.53398557817196],[121.0333086292905,14.53392490200279],[121.0329190300818,14.53404640735521],[121.0325450369603,14.53431972186571],[121.0323892047293,14.53442601201544],[121.0321710165631,14.53441086123377],[121.0319216566943,14.53438053275748],[121.0317034720045,14.53439574321113],[121.0313987825181,14.53484107728903],[121.0313206187653,14.53494087489549],[121.03126409776,14.53493170669645],[121.0301800432841,14.5346420580923],[121.0300646181584,14.5342965742433],[121.0297996952059,14.53444230017849],[121.0294791793768,14.53428832337986],[121.0295090682905,14.5341051634984],[121.0288167363603,14.53361822190951],[121.028742385578,14.53356174397294],[121.0287422648809,14.53356115649404],[121.0284772852372,14.53324238312274],[121.0279473778826,14.53301472801793],[121.0276221877323,14.53301476656933],[121.0273252853311,14.53291907785606],[121.026538911399,14.53209912997091],[121.0264833997833,14.53210470930618],[121.0263887938105,14.53199776537811],[121.0258901005453,14.53210408958087],[121.0249477459064,14.53206646654331],[121.0248635380874,14.53156049962003],[121.0249081887091,14.53136031494787],[121.0241938953494,14.53137351799165],[121.0242056291534,14.53116278997449],[121.0232313484348,14.53125446619595],[121.0231382828672,14.53101483033731],[121.0231314891705,14.53073806536545],[121.0335257968839,14.53068090688026],[121.0393242952816,14.53064881985375],[121.0425649166595,14.53063082602436],[121.0462417743157,14.53061553075195],[121.0573379524877,14.530662098718],[121.0575018262795,14.5317785332529],[121.0573668844196,14.53525885704742],[121.05728902184,14.53796275730015],[121.0568703157579,14.53905971645215],[121.0563598564947,14.53978682560775],[121.0553256164293,14.54036100960558],[121.0537022983243,14.54149650640665],[121.0532871089518,14.54246266586852],[121.0534182875495,14.54305599044043],[121.0534235012346,14.54306692927603],[121.0533595926475,14.54335715004405],[121.0531552811885,14.54340855795881]]]}},{"type":"Feature","properties":{"name":"POST PROPER NORTHSIDE"},"geometry":{"type":"Polygon","coordinates":[[[121.0533549526029,14.54337822131794],[121.0534042398838,14.54415143044778],[121.0538790949565,14.54501222667663],[121.0548940749213,14.5458728958813],[121.0560235663609,14.54647047832903],[121.0564492359026,14.54694068582768],[121.0569216598867,14.54729769118508],[121.056955877761,14.54741423692066],[121.0571154449541,14.54750300075578],[121.0573832704055,14.54757508662214],[121.0573242855843,14.54757448465426],[121.0574458771671,14.54770601437794],[121.0574189224733,14.54792967226423],[121.05732438403,14.54795600787412],[121.0572839054803,14.54811388884082],[121.0571489728753,14.54862700455302],[121.0572060375773,14.54895342237499],[121.0572364478993,14.54903481703237],[121.057335254819,14.54919019824131],[121.0574644493639,14.54933817044532],[121.0575328585621,14.54946395752667],[121.0576012486482,14.54951574220262],[121.0577684154334,14.54960450370109],[121.0579356035836,14.54977466806101],[121.0579660104238,14.54984126232103],[121.0581407715596,14.54991522137304],[121.0582091173229,14.5497968011152],[121.0584522777217,14.54995954469677],[121.058475117055,14.55013714435459],[121.0585662865102,14.55013712156578],[121.0587713964775,14.5500556680865],[121.058832176401,14.55005565282099],[121.0589461237346,14.55000382267134],[121.0590373226377,14.55011480326745],[121.0590069488589,14.55017401210832],[121.0590677524295,14.55026279945399],[121.0589918130642,14.55039602306973],[121.0588869845055,14.55067277114911],[121.0589387546099,14.55086225070595],[121.0590302773318,14.55086008194258],[121.0590832168791,14.55127662615874],[121.0601163534934,14.550824950085],[121.0601467540436,14.55086194346528],[121.0601543750321,14.5509507441789],[121.0600328316274,14.55100997655658],[121.0599340799208,14.55106920394106],[121.0598353231084,14.55110623039149],[121.0596530052695,14.55118767899095],[121.0597138144179,14.55129866705125],[121.0598657566317,14.55126902765663],[121.059903762138,14.55133561971055],[121.0601014410478,14.55186838504292],[121.0602381867206,14.5518313487092],[121.060283853687,14.55213474612902],[121.0603068032299,14.5527119579604],[121.0603296161925,14.55278595444725],[121.060170069057,14.5527933952073],[121.059949749086,14.55282305232131],[121.0592583754687,14.55283802956307],[121.0590532404303,14.55283068080603],[121.0589544660433,14.55280850481311],[121.0587949060557,14.55276414406707],[121.0588101264659,14.55286034259725],[121.0586506016486,14.55294918528086],[121.0588026029921,14.55314155365721],[121.0587418466418,14.55323037156864],[121.0588482692027,14.55344495042568],[121.0589318361694,14.55342272941525],[121.0590837641903,14.5533338884605],[121.0592433601811,14.55351145342954],[121.0591598050415,14.55357807632654],[121.0592738182388,14.55376305338445],[121.059334602203,14.55377783827513],[121.0594258206802,14.55395542043486],[121.0594334325164,14.55400721997248],[121.0592663032262,14.55407386411161],[121.0592663210019,14.5541404658678],[121.059327135654,14.55426625428788],[121.0593271771745,14.55442165958755],[121.0593424196864,14.55459926101495],[121.0593576602448,14.55476946184223],[121.0593729067635,14.55496186355099],[121.0593881196614,14.55502846144695],[121.059502133798,14.55521343836729],[121.059251455746,14.55537630695455],[121.059281871657,14.55547250248781],[121.059509834949,14.55559824754269],[121.0598137861426,14.55576837563875],[121.0599628427011,14.5555944325222],[121.0600141290326,14.55559996891997],[121.0601053157524,14.55565544728],[121.0601908009849,14.55569982708004],[121.0603446633265,14.55573863878085],[121.0605042040007,14.5556997462678],[121.0605782795795,14.55569417665867],[121.0607036269397,14.5556441928674],[121.060766313046,14.5556663774845],[121.0608802855386,14.55569409829259],[121.06093728322,14.55574958521824],[121.0609430152598,14.55587168723398],[121.0609430396346,14.55596048986052],[121.0608803905467,14.55607706012931],[121.0609032081103,14.55616585682391],[121.0609317293947,14.55627685201027],[121.0608405680692,14.55631572704742],[121.0607608189813,14.55641010084284],[121.0607779395073,14.55650444856915],[121.0609203987315,14.55651551242171],[121.0610116058811,14.55664314260821],[121.0610401440674,14.556815189973],[121.0610402127359,14.55706494739447],[121.0609775444999,14.5571093645923],[121.0609320249042,14.55735358433997],[121.0609947368425,14.55746457150563],[121.0609605716708,14.55755338302904],[121.0600148191784,14.55815304494653],[121.0599350231995,14.55808091321494],[121.059895170902,14.55821412689335],[121.0594792637215,14.55846954084194],[121.0592171132276,14.55836415428006],[121.0592512895911,14.55831419432609],[121.0592113859557,14.55825315223175],[121.0591372902665,14.55818656923159],[121.0590575063717,14.55815883895827],[121.0589549373783,14.55815886482227],[121.0589150579648,14.55819217573521],[121.0589036828799,14.55827543077116],[121.0589150874242,14.55830317832273],[121.0589435888364,14.55834202245972],[121.0589549992852,14.55839197088792],[121.0589778065458,14.55844746688907],[121.0589835198871,14.55850296719718],[121.0589208484318,14.55854183430043],[121.0588467777445,14.55856960336201],[121.0587613195859,14.55863067703181],[121.0586530429763,14.55859740332953],[121.0585561626654,14.5585641267253],[121.0585048692981,14.55853083868737],[121.0584365044641,14.55858635661475],[121.0582997081729,14.55844763681778],[121.0582541469632,14.55854200122807],[121.0581060417216,14.5587362937194],[121.0579522231246,14.55887508578273],[121.0578781835217,14.55901940846961],[121.0579067007719,14.559119304919],[121.0577301151631,14.55935800506577],[121.0577700272588,14.55945234827166],[121.0577130765172,14.5595744658021],[121.0574851829705,14.55972992624354],[121.0572800912949,14.55991868264989],[121.0570237328579,14.56017960264546],[121.0568186569308,14.56042940992148],[121.0570067376532,14.56056811806997],[121.0570409391009,14.56061251148767],[121.0571606351979,14.56072903529524],[121.0573144976405,14.56075674897535],[121.05756523929,14.56080663870985],[121.057736218531,14.56091759915113],[121.0578730261302,14.56109517054787],[121.0578446118594,14.56139488713094],[121.0576623271487,14.56163913904056],[121.0573945319917,14.56175020836026],[121.0570070355965,14.56172810222902],[121.0567448847581,14.56162826338031],[121.0565282717673,14.56133970715316],[121.056305965351,14.56106225207288],[121.0560324981627,14.56127877423457],[121.056095221873,14.56144526441513],[121.0559983841085,14.56158404150319],[121.0557932317829,14.56153968967154],[121.055360220365,14.56180620032768],[121.0552462311404,14.56171742467701],[121.0551151942194,14.5618229086114],[121.0550753328536,14.56193392056607],[121.0550354755772,14.5620615838459],[121.0544775449558,14.56235548307981],[121.0543777737915,14.56310188333929],[121.0544444817047,14.56339392819722],[121.0554106798463,14.56328553138809],[121.0555774755977,14.56410758747446],[121.05445580809,14.56429174170988],[121.0541333752695,14.56230432643181],[121.0539642378315,14.56231159075767],[121.0539469726877,14.56161227395025],[121.0538728302934,14.56135143367831],[121.0532802450226,14.56154582501709],[121.0526990046699,14.56152375579049],[121.0527496115109,14.56091426736092],[121.0537400331767,14.56080789477894],[121.0536566345478,14.56056127927892],[121.0530187299372,14.56037410597878],[121.052900112905,14.56028984034998],[121.0519480585256,14.55997785668656],[121.0517942073986,14.55999350091519],[121.0515683418935,14.56012667744879],[121.0508495556528,14.55907492445274],[121.0506316189062,14.55918319954135],[121.0505247449139,14.55905001916115],[121.050772592424,14.55892092418652],[121.0501078023598,14.5579266626182],[121.051666140834,14.5573065554617],[121.0516147378159,14.55679595186921],[121.0510563292089,14.55689042744953],[121.0510391132597,14.55636316490427],[121.0498653528881,14.55671862851717],[121.0490047619236,14.55601949004365],[121.0485174579299,14.55635884496342],[121.0481071265324,14.55609668479181],[121.047889125173,14.55589380147103],[121.0475011332639,14.555446744533],[121.0465212320561,14.55637196905651],[121.0457688886465,14.55552849266082],[121.0448344353989,14.55580988179386],[121.0447128271051,14.55558049827552],[121.041544514257,14.55577174424262],[121.0415304434255,14.5557400555858],[121.0429062699897,14.5540901030038],[121.043083404113,14.55295886246368],[121.0432890323339,14.55240388980465],[121.0435796851054,14.55094643819153],[121.0436834085248,14.55001530428368],[121.0437072321339,14.54981773143304],[121.045318324425,14.54510838833691],[121.0458231813377,14.54513191723366],[121.0464386205908,14.54528484577285],[121.0471589192817,14.54594791746409],[121.0477089719847,14.54647072603548],[121.0482720657346,14.54673844769232],[121.0487434588961,14.54680212077005],[121.0492148099462,14.5466744807294],[121.0496861290775,14.54640654414772],[121.0502490606143,14.54594727478841],[121.0509036697398,14.54559001732512],[121.0513881196046,14.54550063249926],[121.0518071239313,14.54551329432757],[121.0519249680681,14.54551326822832],[121.0522258495182,14.54433981983351],[121.0527363352426,14.54362547317992],[121.0531552811885,14.54340855795881],[121.0533595926475,14.54335715004405],[121.0533549526029,14.54337822131794]]]}}]}